RA,IAA,IEG,IPS,IDA,IPV,IAN,Atingiu PV,Ano,INDE_Calc,Delta_Acad_Engaj,Potencial_Virada,Risco_Psicosocial
RA-1,8.3,4.1,5.6,4.0,7.278,5.0,0.0,2022,4.9656,-0.09999999999999964,5.689,0
RA-2,8.8,5.2,6.3,6.8,6.778,10.0,0.0,2022,6.2656,1.5999999999999996,5.989,0
RA-3,0.0,7.9,5.6,5.6,7.556,10.0,0.0,2022,5.7712,-2.3000000000000007,7.728,0
RA-4,8.8,4.5,5.6,5.0,5.278,10.0,0.0,2022,5.3956,0.5,4.888999999999999,0
RA-5,7.9,8.6,5.6,5.2,7.389,10.0,0.0,2022,6.5878,-3.3999999999999995,7.9945,0
RA-6,7.9,4.5,7.5,3.3,7.222,5.0,0.0,2022,5.0444,-1.2000000000000002,5.861000000000001,0
RA-7,0.0,8.4,7.5,7.6,7.667,5.0,0.0,2022,5.9834000000000005,-0.8000000000000007,8.0335,0
RA-8,7.1,4.6,6.3,1.6,6.278,5.0,0.0,2022,4.3356,-2.9999999999999996,5.439,0
RA-9,8.8,9.5,7.5,6.7,9.5,5.0,1.0,2022,7.2700000000000005,-2.8,9.5,0
RA-10,8.3,5.2,5.0,4.1,7.056,5.0,0.0,2022,5.1012,-1.1000000000000005,6.128,0
RA-11,9.2,4.2,5.0,3.0,6.389,5.0,0.0,2022,4.6378,-1.2000000000000002,5.2945,0
RA-12,0.0,4.0,6.9,1.5,6.389,10.0,0.0,2022,4.0678,-2.5,5.1945,0
RA-13,7.9,7.4,7.5,4.7,8.056,5.0,0.0,2022,6.0712,-2.7,7.728,0
RA-14,7.9,8.3,7.5,4.0,7.75,5.0,0.0,2022,6.05,-4.300000000000001,8.025,0
RA-15,8.8,10.0,7.5,7.3,7.292,5.0,0.0,2022,7.0484,-2.7,8.646,0
RA-16,7.9,8.3,5.0,3.5,6.333,5.0,0.0,2022,5.416600000000001,-4.800000000000001,7.3165000000000004,0
RA-17,8.8,10.0,7.5,7.8,8.292,5.0,0.0,2022,7.348400000000001,-2.2,9.146,0
RA-18,6.3,8.7,6.3,9.0,6.875,5.0,0.0,2022,6.675,0.3000000000000007,7.7875,0
RA-19,7.9,9.5,7.5,8.0,7.0,5.0,0.0,2022,6.94,-1.5,8.25,0
RA-20,7.1,10.0,6.3,7.8,7.167,5.0,0.0,2022,6.8334,-2.2,8.5835,0
RA-21,9.6,9.2,7.5,3.8,7.25,5.0,0.0,2022,6.26,-5.3999999999999995,8.225,0
RA-22,8.3,7.4,8.1,6.7,8.833,5.0,1.0,2022,6.726600000000001,-0.7000000000000002,8.1165,0
RA-23,8.3,8.2,8.1,6.7,8.556,5.0,1.0,2022,6.831200000000001,-1.4999999999999991,8.378,0
RA-24,9.2,7.9,6.9,8.6,9.111,5.0,1.0,2022,7.232200000000001,0.6999999999999993,8.505500000000001,0
RA-25,8.3,8.3,8.8,6.9,9.667,5.0,1.0,2022,7.1834,-1.4000000000000004,8.9835,0
RA-26,9.6,8.8,10.0,8.0,10.0,5.0,1.0,2022,7.82,-0.8000000000000007,9.4,0
RA-27,0.0,7.6,8.1,8.0,9.111,5.0,1.0,2022,6.2522,0.40000000000000036,8.3555,0
RA-28,7.9,6.1,7.5,5.0,6.333,5.0,0.0,2022,5.5266,-1.0999999999999996,6.2165,0
RA-29,0.0,4.0,8.8,3.7,7.611,5.0,0.0,2022,4.4422,-0.2999999999999998,5.8055,0
RA-30,8.8,6.4,7.5,7.5,7.333,10.0,0.0,2022,6.8766,1.0999999999999996,6.8665,0
RA-31,10.0,9.5,9.4,8.0,10.0,5.0,1.0,2022,7.94,-1.5,9.75,0
RA-32,8.8,5.2,8.8,6.1,7.944,10.0,0.0,2022,6.6088,0.8999999999999995,6.572,0
RA-33,0.0,4.6,7.5,4.8,6.0,5.0,0.0,2022,4.33,0.20000000000000018,5.3,0
RA-34,9.6,4.8,8.1,3.8,7.278,5.0,0.0,2022,5.4456,-1.0,6.039,0
RA-35,10.0,9.6,9.4,8.5,10.0,5.0,1.0,2022,8.06,-1.0999999999999996,9.8,0
RA-36,9.2,9.0,6.9,6.8,8.944,5.0,1.0,2022,7.058800000000001,-2.2,8.972000000000001,0
RA-37,0.0,5.4,5.0,5.9,5.222,5.0,0.0,2022,4.3044,0.5,5.311,0
RA-38,9.2,8.9,7.5,8.6,9.833,5.0,1.0,2022,7.6366,-0.3000000000000007,9.3665,0
RA-39,0.0,4.8,6.9,6.9,6.111,10.0,0.0,2022,5.2522,2.1000000000000005,5.4555,0
RA-40,7.9,7.8,7.5,6.8,7.75,5.0,0.0,2022,6.51,-1.0,7.775,0
RA-41,9.2,6.1,5.0,5.6,4.375,5.0,0.0,2022,5.135,-0.5,5.2375,0
RA-42,8.3,7.9,5.6,4.8,6.083,10.0,0.0,2022,6.146599999999999,-3.1000000000000005,6.9915,0
RA-43,6.3,6.5,5.6,4.3,5.958,5.0,0.0,2022,5.0416,-2.2,6.229,0
RA-44,5.0,5.9,7.5,3.0,7.292,5.0,0.0,2022,4.9884,-2.9000000000000004,6.596,0
RA-45,7.9,8.9,5.6,6.8,7.417,10.0,0.0,2022,6.9734,-2.1000000000000005,8.1585,0
RA-46,8.8,8.4,6.3,2.1,7.083,5.0,0.0,2022,5.5266,-6.300000000000001,7.7415,0
RA-47,7.9,6.3,7.5,2.1,7.042,5.0,0.0,2022,5.1284,-4.199999999999999,6.670999999999999,0
RA-48,6.7,8.4,7.5,8.1,8.5,10.0,1.0,2022,7.420000000000001,-0.3000000000000007,8.45,0
RA-49,7.5,7.4,7.5,3.9,7.042,5.0,0.0,2022,5.6684,-3.5000000000000004,7.221,0
RA-50,7.5,8.4,7.5,7.8,7.542,2.5,0.0,2022,6.4984,-0.6000000000000005,7.971,0
RA-51,8.8,7.6,7.5,5.0,6.5,5.0,0.0,2022,5.95,-2.5999999999999996,7.05,0
RA-52,9.6,8.9,7.5,6.2,7.5,10.0,0.0,2022,7.23,-2.7,8.2,0
RA-53,9.2,7.0,7.5,7.0,6.458,5.0,0.0,2022,6.2616000000000005,0.0,6.729,0
RA-54,7.9,6.9,7.5,4.8,6.125,5.0,0.0,2022,5.605,-2.1000000000000005,6.5125,0
RA-55,7.1,7.6,5.6,7.5,6.5,5.0,0.0,2022,6.09,-0.09999999999999964,7.05,0
RA-56,10.0,10.0,7.5,7.0,8.25,10.0,0.0,2022,7.800000000000001,-3.0,9.125,0
RA-57,7.1,8.1,5.6,8.4,7.875,5.0,0.0,2022,6.645,0.3000000000000007,7.9875,0
RA-58,9.6,9.2,6.3,7.2,8.125,10.0,0.0,2022,7.495,-1.9999999999999991,8.6625,0
RA-59,9.2,9.3,7.5,7.2,7.917,5.0,0.0,2022,7.053400000000001,-2.1000000000000005,8.6085,0
RA-60,6.7,6.0,7.5,4.9,6.167,2.5,0.0,2022,5.0834,-1.0999999999999996,6.0835,0
RA-61,9.2,7.4,7.5,5.8,7.875,10.0,0.0,2022,6.885000000000001,-1.6000000000000005,7.6375,0
RA-62,8.8,9.4,7.5,9.3,7.25,5.0,0.0,2022,7.32,-0.09999999999999964,8.325,0
RA-63,8.3,9.1,8.8,8.7,9.417,5.0,1.0,2022,7.6534,-0.40000000000000036,9.2585,0
RA-64,7.1,8.1,8.1,7.5,8.25,5.0,0.0,2022,6.790000000000001,-0.5999999999999996,8.175,0
RA-65,8.3,7.7,7.5,9.3,7.875,5.0,0.0,2022,7.055000000000001,1.6000000000000005,7.7875,0
RA-66,7.5,5.6,7.5,4.5,5.917,5.0,0.0,2022,5.203399999999999,-1.0999999999999996,5.7585,0
RA-67,5.8,3.0,7.5,3.6,6.889,5.0,0.0,2022,4.527800000000001,0.6000000000000001,4.9445,0
RA-68,8.3,6.0,7.5,4.0,7.944,5.0,0.0,2022,5.6688,-2.0,6.9719999999999995,0
RA-69,8.3,6.1,7.5,2.5,6.167,5.0,0.0,2022,5.0334,-3.5999999999999996,6.1335,0
RA-70,8.8,6.6,5.0,2.9,6.111,5.0,0.0,2022,5.0022,-3.6999999999999997,6.355499999999999,0
RA-71,7.9,2.0,7.5,1.2,5.833,5.0,0.0,2022,3.8466000000000005,-0.8,3.9165,0
RA-72,8.3,7.5,7.5,7.8,8.667,5.0,1.0,2022,6.8734,0.2999999999999998,8.0835,0
RA-73,7.1,3.0,7.5,3.3,7.278,5.0,0.0,2022,4.6756,0.2999999999999998,5.138999999999999,0
RA-74,9.6,3.3,7.5,2.0,5.833,5.0,0.0,2022,4.4366,-1.2999999999999998,4.5665,0
RA-75,5.4,3.8,6.3,0.0,4.625,5.0,0.0,2022,3.3550000000000004,-3.8,4.2125,0
RA-76,10.0,9.1,8.1,8.7,9.292,10.0,1.0,2022,8.2284,-0.40000000000000036,9.196,0
RA-77,7.1,2.7,5.0,0.7,4.625,5.0,0.0,2022,3.3150000000000004,-2.0,3.6625,0
RA-78,8.3,6.6,5.6,7.2,8.0,5.0,0.0,2022,6.25,0.6000000000000005,7.3,0
RA-79,5.4,6.3,5.6,8.9,7.292,5.0,0.0,2022,6.0984,2.6000000000000005,6.795999999999999,0
RA-80,9.2,8.3,5.0,7.1,7.625,5.0,0.0,2022,6.525,-1.200000000000001,7.9625,0
RA-81,9.2,9.2,5.0,6.0,7.458,10.0,0.0,2022,6.9516,-3.1999999999999993,8.329,0
RA-82,8.8,6.8,7.5,5.5,6.417,5.0,0.0,2022,5.8734,-1.2999999999999998,6.608499999999999,0
RA-83,7.9,6.8,7.5,6.8,5.958,5.0,0.0,2022,5.9516,0.0,6.379,0
RA-84,7.1,8.8,5.0,5.8,6.75,5.0,0.0,2022,5.98,-3.000000000000001,7.775,0
RA-85,6.7,7.3,5.0,4.3,5.833,10.0,0.0,2022,5.6566,-3.0,6.5665,0
RA-86,7.5,9.6,5.6,6.7,8.458,5.0,1.0,2022,6.7616,-2.8999999999999995,9.029,0
RA-87,8.3,9.6,7.5,8.8,8.5,10.0,1.0,2022,7.96,-0.7999999999999989,9.05,0
RA-88,7.1,9.2,5.6,6.5,9.208,5.0,1.0,2022,6.7516,-2.6999999999999993,9.204,0
RA-89,9.6,7.8,7.5,5.9,8.0,5.0,0.0,2022,6.550000000000001,-1.8999999999999995,7.9,0
RA-90,10.0,9.7,9.4,8.5,9.75,10.0,1.0,2022,8.530000000000001,-1.1999999999999993,9.725,0
RA-91,9.2,5.7,5.6,6.6,7.125,5.0,0.0,2022,5.864999999999999,0.8999999999999995,6.4125,0
RA-92,9.2,7.1,5.0,7.4,6.667,5.0,0.0,2022,6.1534,0.3000000000000007,6.8835,0
RA-93,8.3,9.7,8.1,8.5,9.083,10.0,1.0,2022,8.096600000000002,-1.1999999999999993,9.3915,0
RA-94,8.3,9.6,8.1,7.7,9.583,10.0,1.0,2022,8.0166,-1.8999999999999995,9.5915,0
RA-95,8.3,6.6,7.5,4.8,6.292,5.0,0.0,2022,5.6184,-1.7999999999999998,6.446,0
RA-96,9.2,7.8,6.9,6.7,8.5,5.0,1.0,2022,6.710000000000001,-1.0999999999999996,8.15,0
RA-97,7.5,8.8,5.0,6.9,6.292,10.0,0.0,2022,6.6484000000000005,-1.9000000000000004,7.546,0
RA-98,8.8,10.0,9.4,8.5,9.667,10.0,1.0,2022,8.4534,-1.5,9.8335,0
RA-99,8.8,6.3,7.5,5.0,5.833,5.0,0.0,2022,5.5565999999999995,-1.2999999999999998,6.0665,0
RA-100,8.8,7.8,5.0,7.6,7.25,10.0,0.0,2022,6.91,-0.20000000000000018,7.525,0
RA-101,7.9,8.3,7.5,7.6,6.833,5.0,0.0,2022,6.586600000000001,-0.7000000000000011,7.5665000000000004,0
RA-102,6.7,7.7,6.9,5.7,6.0,10.0,0.0,2022,6.240000000000001,-2.0,6.85,0
RA-103,7.9,8.7,7.5,7.3,7.708,10.0,0.0,2022,7.2816,-1.3999999999999995,8.204,0
RA-104,7.9,8.7,7.5,3.7,6.708,2.5,0.0,2022,5.611599999999999,-4.999999999999999,7.704,0
RA-105,7.9,8.2,5.6,6.7,7.417,2.5,0.0,2022,6.0634,-1.4999999999999991,7.8084999999999996,0
RA-106,9.2,8.0,9.4,7.4,8.375,5.0,1.0,2022,7.115,-0.5999999999999996,8.1875,0
RA-107,7.5,6.4,7.5,4.6,6.5,5.0,0.0,2022,5.5,-1.8000000000000007,6.45,0
RA-108,4.6,7.7,5.0,5.0,6.125,2.5,0.0,2022,4.975,-2.7,6.9125,0
RA-109,8.8,10.0,8.8,8.4,8.667,5.0,1.0,2022,7.673399999999999,-1.5999999999999996,9.3335,0
RA-110,9.2,9.7,5.6,6.7,8.0,10.0,0.0,2022,7.359999999999999,-2.999999999999999,8.85,0
RA-111,7.5,9.4,8.1,8.0,8.667,10.0,1.0,2022,7.7734000000000005,-1.4000000000000004,9.0335,0
RA-112,7.9,7.8,6.3,8.5,8.833,5.0,1.0,2022,6.946600000000001,0.7000000000000002,8.3165,0
RA-113,0.0,0.0,5.0,3.7,3.792,5.0,0.0,2022,2.4984,3.7,1.896,0
RA-114,7.9,6.3,7.5,5.3,5.0,5.0,0.0,2022,5.36,-1.0,5.65,0
RA-115,8.3,6.8,6.3,3.8,5.583,5.0,0.0,2022,5.1966,-3.0,6.1915,0
RA-116,5.8,8.1,6.3,5.9,7.792,5.0,0.0,2022,6.0684000000000005,-2.1999999999999993,7.946,0
RA-117,7.9,6.3,6.9,6.1,7.417,5.0,0.0,2022,5.9434000000000005,-0.20000000000000018,6.858499999999999,0
RA-118,0.0,5.3,6.3,3.9,6.958,10.0,0.0,2022,4.8616,-1.4,6.129,0
RA-119,8.3,8.2,5.6,5.4,7.875,10.0,0.0,2022,6.685,-2.799999999999999,8.0375,0
RA-120,8.3,5.9,7.5,6.2,7.667,5.0,0.0,2022,6.0334,0.2999999999999998,6.7835,0
RA-121,7.1,8.4,6.3,7.2,7.625,5.0,0.0,2022,6.485,-1.2000000000000002,8.0125,0
RA-122,7.9,3.4,7.5,1.8,4.958,10.0,0.0,2022,4.5716,-1.5999999999999999,4.179,0
RA-123,7.9,8.6,5.6,6.5,7.292,5.0,0.0,2022,6.3284,-2.0999999999999996,7.946,0
RA-124,7.9,7.8,5.0,6.7,7.167,10.0,0.0,2022,6.623399999999999,-1.0999999999999996,7.483499999999999,0
RA-125,8.8,8.5,7.5,7.1,7.75,5.0,0.0,2022,6.8,-1.4000000000000004,8.125,0
RA-126,7.1,5.8,7.5,4.4,7.417,5.0,0.0,2022,5.4834,-1.3999999999999995,6.608499999999999,0
RA-127,7.5,8.7,7.5,7.9,8.125,10.0,0.0,2022,7.445,-0.7999999999999989,8.4125,0
RA-128,0.0,6.2,7.5,5.6,6.167,5.0,0.0,2022,4.843400000000001,-0.6000000000000005,6.1835,0
RA-129,6.7,6.4,7.5,6.7,7.792,5.0,0.0,2022,6.0984,0.2999999999999998,7.096,0
RA-130,8.3,4.7,5.0,4.1,6.5,5.0,0.0,2022,4.89,-0.6000000000000005,5.6,0
RA-131,8.8,9.0,5.6,5.6,7.75,5.0,0.0,2022,6.409999999999999,-3.4000000000000004,8.375,0
RA-132,10.0,8.8,5.6,7.7,8.458,10.0,1.0,2022,7.5516000000000005,-1.1000000000000005,8.629000000000001,0
RA-133,7.9,7.1,7.5,5.6,7.625,5.0,0.0,2022,6.105,-1.5,7.3625,0
RA-134,8.8,6.8,7.5,4.7,7.375,5.0,0.0,2022,5.904999999999999,-2.0999999999999996,7.0875,0
RA-135,8.3,7.8,5.6,8.6,8.583,5.0,1.0,2022,6.8866,0.7999999999999998,8.1915,0
RA-136,10.0,6.3,7.5,4.6,6.667,5.0,0.0,2022,5.7634,-1.7000000000000002,6.483499999999999,0
RA-137,7.5,8.9,5.0,7.3,7.792,2.5,0.0,2022,6.2984,-1.6000000000000005,8.346,0
RA-138,9.6,8.0,5.6,5.6,6.375,5.0,0.0,2022,6.015,-2.4000000000000004,7.1875,0
RA-139,7.1,3.5,5.0,1.4,3.917,2.5,0.0,2022,3.2234,-2.1,3.7085,0
RA-140,7.9,7.6,6.9,5.7,7.667,10.0,0.0,2022,6.673400000000001,-1.8999999999999995,7.6335,0
RA-141,9.2,8.2,5.6,5.7,5.917,10.0,0.0,2022,6.4434,-2.499999999999999,7.0584999999999996,0
RA-142,6.7,8.6,5.6,6.3,7.583,10.0,0.0,2022,6.7265999999999995,-2.3,8.0915,0
RA-143,8.3,9.9,5.6,7.9,9.5,10.0,1.0,2022,7.8500000000000005,-2.0,9.7,0
RA-144,7.5,9.3,5.0,7.9,8.292,10.0,0.0,2022,7.348400000000001,-1.4000000000000004,8.796,0
RA-145,0.0,6.3,8.1,5.2,7.25,5.0,0.0,2022,5.0600000000000005,-1.0999999999999996,6.775,0
RA-146,8.3,9.2,7.5,7.9,8.208,5.0,0.0,2022,7.1416,-1.299999999999999,8.704,0
RA-147,8.3,7.7,7.5,6.1,7.25,10.0,0.0,2022,6.79,-1.6000000000000005,7.475,0
RA-148,9.2,7.9,10.0,5.3,7.708,10.0,0.0,2022,7.1016,-2.6000000000000005,7.804,0
RA-149,9.2,6.5,7.5,5.0,6.125,5.0,0.0,2022,5.695,-1.5,6.3125,0
RA-150,9.6,6.3,6.9,6.9,7.333,5.0,0.0,2022,6.256600000000001,0.6000000000000005,6.8165,0
RA-151,8.8,7.5,6.9,8.3,7.958,5.0,0.0,2022,6.8216,0.8000000000000007,7.729,0
RA-152,8.3,7.0,7.5,6.5,6.292,5.0,0.0,2022,6.0384,-0.5,6.646,0
RA-153,7.9,8.2,5.0,6.6,7.708,10.0,0.0,2022,6.7916,-1.5999999999999996,7.954,0
RA-154,8.3,6.1,6.3,4.0,6.833,5.0,0.0,2022,5.3466000000000005,-2.0999999999999996,6.4665,0
RA-155,10.0,8.3,7.5,5.2,6.833,5.0,0.0,2022,6.3166,-3.1000000000000005,7.5665000000000004,0
RA-156,10.0,8.3,9.4,4.4,7.792,5.0,0.0,2022,6.5384,-3.9000000000000004,8.046,0
RA-157,7.5,10.0,6.3,7.7,8.292,10.0,0.0,2022,7.5784,-2.3,9.146,0
RA-158,7.9,9.8,5.6,6.6,8.125,2.5,0.0,2022,6.505,-3.200000000000001,8.9625,0
RA-159,8.3,8.1,5.6,4.7,6.458,5.0,0.0,2022,5.7416,-3.3999999999999995,7.279,0
RA-160,7.5,7.2,5.6,5.3,8.25,5.0,0.0,2022,5.96,-1.9000000000000004,7.725,0
RA-161,7.9,9.1,5.6,6.9,8.083,10.0,0.0,2022,7.1666,-2.1999999999999993,8.5915,0
RA-162,6.7,8.5,7.5,5.5,6.542,10.0,0.0,2022,6.5284,-3.0,7.521,0
RA-163,8.8,7.9,5.6,6.7,6.5,5.0,0.0,2022,6.159999999999999,-1.2000000000000002,7.2,0
RA-164,8.3,7.3,5.6,6.5,7.208,5.0,0.0,2022,6.0916,-0.7999999999999998,7.254,0
RA-165,7.1,9.8,5.6,7.6,7.5,10.0,0.0,2022,7.25,-2.200000000000001,8.65,0
RA-166,9.2,9.0,6.3,8.1,7.542,10.0,0.0,2022,7.4784,-0.9000000000000004,8.271,0
RA-167,9.2,9.7,5.6,7.9,7.833,5.0,0.0,2022,7.066599999999999,-1.799999999999999,8.7665,0
RA-168,7.9,8.3,6.3,5.9,7.083,5.0,0.0,2022,6.1766000000000005,-2.4000000000000004,7.6915000000000004,0
RA-169,7.5,5.1,6.3,3.2,4.792,5.0,0.0,2022,4.4984,-1.8999999999999995,4.946,0
RA-170,8.3,9.2,5.6,4.9,5.792,10.0,0.0,2022,6.3684,-4.299999999999999,7.4959999999999996,0
RA-171,7.5,6.8,7.5,5.5,6.875,5.0,0.0,2022,5.835,-1.2999999999999998,6.8375,0
RA-172,9.2,8.9,9.4,7.3,8.917,10.0,1.0,2022,7.883400000000001,-1.6000000000000005,8.9085,0
RA-173,8.3,9.2,6.9,7.9,9.25,2.5,1.0,2022,7.040000000000001,-1.299999999999999,9.225,0
RA-174,7.9,6.2,7.5,4.4,6.042,5.0,0.0,2022,5.3684,-1.7999999999999998,6.121,0
RA-175,8.3,9.2,5.6,5.9,5.833,5.0,0.0,2022,6.076599999999999,-3.299999999999999,7.5165,0
RA-176,9.6,9.1,5.6,6.9,9.083,10.0,1.0,2022,7.5366,-2.1999999999999993,9.0915,0
RA-177,7.9,8.8,4.4,6.8,6.958,10.0,0.0,2022,6.741600000000002,-2.000000000000001,7.8790000000000004,1
RA-178,0.0,8.8,4.4,6.3,8.458,10.0,1.0,2022,6.1516,-2.500000000000001,8.629000000000001,1
RA-179,7.5,9.2,7.5,6.1,8.042,10.0,0.0,2022,7.1684,-3.0999999999999996,8.620999999999999,0
RA-180,9.2,8.3,6.3,8.1,8.625,10.0,1.0,2022,7.555,-0.20000000000000107,8.4625,0
RA-181,9.2,9.5,8.8,6.8,8.458,10.0,1.0,2022,7.751600000000001,-2.7,8.979,0
RA-182,7.5,8.0,7.5,4.1,6.958,2.5,0.0,2022,5.5616,-3.9000000000000004,7.479,0
RA-183,8.3,8.8,7.5,3.8,7.25,10.0,0.0,2022,6.550000000000001,-5.000000000000001,8.025,0
RA-184,8.8,7.7,7.5,7.2,8.0,2.5,0.0,2022,6.460000000000001,-0.5,7.85,0
RA-185,7.9,7.7,7.5,4.5,6.875,5.0,0.0,2022,5.855,-3.2,7.2875,0
RA-186,8.3,8.5,7.5,6.6,7.5,10.0,0.0,2022,7.1000000000000005,-1.9000000000000004,8.0,0
RA-187,8.8,8.9,7.5,5.8,7.917,10.0,0.0,2022,7.1534,-3.1000000000000005,8.4085,0
RA-188,0.0,6.1,7.5,2.7,7.583,5.0,0.0,2022,4.5266,-3.3999999999999995,6.8415,0
RA-189,10.0,9.7,5.0,7.2,7.333,5.0,0.0,2022,6.8466000000000005,-2.499999999999999,8.5165,0
RA-190,6.7,6.9,8.8,6.3,7.25,10.0,0.0,2022,6.64,-0.6000000000000005,7.075,0
RA-191,10.0,9.4,8.8,7.2,8.5,10.0,1.0,2022,7.9,-2.2,8.95,0
RA-192,8.8,3.6,7.5,2.7,4.708,5.0,0.0,2022,4.331600000000001,-0.8999999999999999,4.154,0
RA-193,9.2,8.9,5.6,6.7,8.5,10.0,1.0,2022,7.3,-2.2,8.7,0
RA-194,0.0,6.2,5.0,3.2,3.75,5.0,0.0,2022,3.6300000000000003,-3.0,4.975,0
RA-195,8.8,9.2,5.0,6.3,8.25,10.0,0.0,2022,7.13,-2.8999999999999995,8.725,0
RA-196,9.2,9.1,7.5,5.1,8.625,10.0,1.0,2022,7.234999999999999,-4.0,8.8625,0
RA-197,8.8,9.7,4.4,7.3,8.292,10.0,0.0,2022,7.378400000000001,-2.3999999999999995,8.995999999999999,1
RA-198,0.0,6.2,5.0,4.6,5.958,10.0,0.0,2022,4.8516,-1.6000000000000005,6.079000000000001,0
RA-199,8.3,7.1,7.5,7.5,6.458,10.0,0.0,2022,6.7916,0.40000000000000036,6.779,0
RA-200,7.9,5.6,4.4,5.5,4.917,5.0,0.0,2022,4.9334,-0.09999999999999964,5.2585,1
RA-201,7.9,7.3,7.5,6.5,7.542,5.0,0.0,2022,6.3084,-0.7999999999999998,7.420999999999999,0
RA-202,0.0,5.2,4.4,5.4,6.917,5.0,0.0,2022,4.4434000000000005,0.20000000000000018,6.0585,1
RA-203,8.8,4.3,7.5,2.8,6.875,5.0,0.0,2022,4.925,-1.5,5.5875,0
RA-204,7.9,6.7,4.4,7.4,5.708,10.0,0.0,2022,6.191600000000001,0.7000000000000002,6.204000000000001,1
RA-205,9.6,3.8,7.5,4.1,4.833,5.0,0.0,2022,4.756600000000001,0.2999999999999998,4.3165,0
RA-206,8.3,8.8,7.5,5.0,5.167,10.0,0.0,2022,6.3734,-3.8000000000000007,6.9835,0
RA-207,0.0,4.8,7.5,5.8,5.708,2.5,0.0,2022,4.2616000000000005,1.0,5.254,0
RA-208,7.5,7.1,7.5,6.1,6.417,5.0,0.0,2022,5.9234,-1.0,6.7585,0
RA-209,0.0,4.8,5.6,6.0,3.75,5.0,0.0,2022,3.97,1.2000000000000002,4.275,0
RA-210,0.0,5.1,7.5,3.4,4.417,5.0,0.0,2022,3.8334,-1.6999999999999997,4.7585,0
RA-211,9.2,8.8,7.5,7.6,8.458,10.0,1.0,2022,7.6416,-1.200000000000001,8.629000000000001,0
RA-212,9.6,8.4,7.5,6.2,6.958,5.0,0.0,2022,6.521600000000001,-2.2,7.679,0
RA-213,9.6,8.7,7.5,3.5,6.833,10.0,0.0,2022,6.5166,-5.199999999999999,7.7665,0
RA-214,0.0,6.1,7.5,4.3,5.125,5.0,0.0,2022,4.355,-1.7999999999999998,5.6125,0
RA-215,6.7,5.8,7.5,7.8,6.542,10.0,0.0,2022,6.4483999999999995,2.0,6.170999999999999,0
RA-216,7.9,8.5,7.5,7.0,5.583,10.0,0.0,2022,6.756600000000001,-1.5,7.0415,0
RA-217,7.9,8.5,7.5,7.1,7.292,5.0,0.0,2022,6.6184,-1.4000000000000004,7.896,0
RA-218,6.3,7.3,7.5,4.0,6.125,5.0,0.0,2022,5.365,-3.3,6.7125,0
RA-219,8.8,6.9,7.5,3.5,6.375,2.5,0.0,2022,5.235,-3.4000000000000004,6.6375,0
RA-220,0.0,8.1,7.5,6.5,7.833,10.0,0.0,2022,6.2366,-1.5999999999999996,7.9665,0
RA-221,9.6,8.5,7.5,5.2,6.0,5.0,0.0,2022,6.15,-3.3,7.25,0
RA-222,7.1,4.6,7.5,6.2,4.917,5.0,0.0,2022,5.103400000000001,1.6000000000000005,4.7585,0
RA-223,0.0,4.6,7.5,3.1,5.583,10.0,0.0,2022,4.4066,-1.4999999999999996,5.0915,0
RA-224,9.6,4.3,7.5,2.6,4.875,10.0,0.0,2022,5.0649999999999995,-1.6999999999999997,4.5875,0
RA-225,8.3,5.3,7.5,5.0,5.708,5.0,0.0,2022,5.281600000000001,-0.2999999999999998,5.504,0
RA-226,7.5,6.1,7.5,6.8,6.208,5.0,0.0,2022,5.8216,0.7000000000000002,6.154,0
RA-227,9.2,6.4,7.5,3.3,5.833,10.0,0.0,2022,5.7766,-3.1000000000000005,6.1165,0
RA-228,7.5,6.7,7.5,4.8,6.417,5.0,0.0,2022,5.5834,-1.9000000000000004,6.5585,0
RA-229,10.0,9.4,7.5,6.9,8.5,10.0,1.0,2022,7.71,-2.5,8.95,0
RA-230,7.9,5.1,7.5,5.7,6.75,5.0,0.0,2022,5.550000000000001,0.6000000000000005,5.925,0
RA-231,8.8,7.4,7.5,3.8,5.333,5.0,0.0,2022,5.4366,-3.6000000000000005,6.3665,0
RA-232,0.0,4.9,7.5,0.0,4.542,10.0,0.0,2022,3.6384,-4.9,4.721,0
RA-233,7.9,7.4,7.5,3.8,5.5,5.0,0.0,2022,5.380000000000001,-3.6000000000000005,6.45,0
RA-234,10.0,7.6,5.6,4.3,5.583,10.0,0.0,2022,6.0565999999999995,-3.3,6.5915,0
RA-235,8.3,7.3,7.5,6.3,6.417,5.0,0.0,2022,6.0834,-1.0,6.858499999999999,0
RA-236,9.6,7.5,7.5,3.7,7.208,10.0,0.0,2022,6.3916,-3.8,7.354,0
RA-237,10.0,9.0,7.5,7.8,8.417,5.0,1.0,2022,7.2934,-1.2000000000000002,8.7085,0
RA-238,8.8,6.4,5.0,5.1,7.208,5.0,0.0,2022,5.621600000000001,-1.3000000000000007,6.804,0
RA-239,0.0,3.7,7.5,3.7,5.958,5.0,0.0,2022,3.9216000000000006,0.0,4.829000000000001,0
RA-240,7.1,8.1,5.0,4.7,7.042,10.0,0.0,2022,6.1784,-3.3999999999999995,7.571,0
RA-241,10.0,10.0,7.5,7.7,9.125,5.0,1.0,2022,7.615,-2.3,9.5625,0
RA-242,9.6,9.7,5.6,8.2,8.708,10.0,1.0,2022,7.8416,-1.5,9.204,0
RA-243,7.1,8.7,5.0,6.0,7.875,5.0,0.0,2022,6.2250000000000005,-2.6999999999999993,8.2875,0
RA-244,7.5,9.4,6.3,7.8,9.208,10.0,1.0,2022,7.6616,-1.6000000000000005,9.304,0
RA-245,10.0,9.9,7.5,8.4,9.25,5.0,1.0,2022,7.76,-1.5,9.575,0
RA-246,8.3,9.4,7.5,7.6,9.167,10.0,1.0,2022,7.813400000000001,-1.8000000000000007,9.2835,0
RA-247,8.3,8.2,7.5,5.8,7.875,10.0,0.0,2022,6.955,-2.3999999999999995,8.0375,0
RA-248,9.2,7.6,7.5,5.2,7.292,10.0,0.0,2022,6.688400000000001,-2.3999999999999995,7.446,0
RA-249,6.7,7.4,5.0,2.9,4.292,5.0,0.0,2022,4.5884,-4.5,5.846,0
RA-250,8.3,8.6,7.5,6.6,7.625,10.0,0.0,2022,7.1450000000000005,-2.0,8.1125,0
RA-251,10.0,8.1,5.6,6.3,6.625,5.0,0.0,2022,6.265,-1.7999999999999998,7.3625,0
RA-252,9.2,2.8,7.5,0.9,3.875,5.0,0.0,2022,3.685,-1.9,3.3375,0
RA-253,9.2,3.6,5.0,1.8,3.75,5.0,0.0,2022,3.75,-1.8,3.675,0
RA-254,10.0,7.4,5.6,5.3,6.917,5.0,0.0,2022,5.9834,-2.1000000000000005,7.1585,0
RA-255,7.5,3.8,5.0,1.3,5.542,5.0,0.0,2022,3.8784,-2.5,4.670999999999999,0
RA-256,8.8,8.5,5.0,5.2,6.708,10.0,0.0,2022,6.461600000000001,-3.3,7.604,0
RA-257,0.0,6.4,5.6,3.6,6.708,5.0,0.0,2022,4.4016,-2.8000000000000003,6.554,0
RA-258,10.0,7.3,5.6,4.8,6.125,10.0,0.0,2022,6.205,-2.5,6.7125,0
RA-259,8.8,2.9,7.5,0.9,4.625,2.5,0.0,2022,3.5650000000000004,-2.0,3.7625,0
RA-260,10.0,8.2,7.5,5.0,6.458,10.0,0.0,2022,6.6815999999999995,-3.1999999999999993,7.329,0
RA-261,8.8,7.2,5.6,5.8,7.042,5.0,0.0,2022,5.9484,-1.4000000000000004,7.121,0
RA-262,0.0,5.8,5.6,3.4,5.625,5.0,0.0,2022,4.025,-2.4,5.7125,0
RA-263,5.8,5.6,7.5,3.7,4.417,5.0,0.0,2022,4.5734,-1.8999999999999995,5.0085,0
RA-264,10.0,9.2,5.6,5.8,6.625,5.0,0.0,2022,6.385,-3.3999999999999995,7.9125,0
RA-265,8.3,7.7,7.5,6.9,7.917,10.0,0.0,2022,7.0834,-0.7999999999999998,7.8085,0
RA-266,7.5,5.8,5.6,6.0,6.583,2.5,0.0,2022,5.236600000000001,0.20000000000000018,6.1915,0
RA-267,10.0,7.4,5.0,3.3,6.292,5.0,0.0,2022,5.3984000000000005,-4.1000000000000005,6.846,0
RA-268,9.2,6.7,6.3,5.7,7.208,5.0,0.0,2022,5.9716000000000005,-1.0,6.954000000000001,0
RA-269,9.2,8.6,6.3,8.9,7.25,10.0,0.0,2022,7.5,0.3000000000000007,7.925,0
RA-270,8.3,8.4,6.9,7.9,8.125,10.0,0.0,2022,7.405,-0.5,8.2625,0
RA-271,9.2,8.5,5.6,7.1,6.958,5.0,0.0,2022,6.4916,-1.4000000000000004,7.729,0
RA-272,9.2,5.7,7.5,5.1,6.417,5.0,0.0,2022,5.6134,-0.6000000000000005,6.0585,0
RA-273,9.2,5.3,7.5,3.0,5.833,5.0,0.0,2022,4.9966,-2.3,5.5665,0
RA-274,7.9,8.3,7.5,8.1,7.0,10.0,0.0,2022,7.220000000000001,-0.20000000000000107,7.65,0
RA-275,9.6,6.9,7.5,4.6,6.667,5.0,0.0,2022,5.8434,-2.3000000000000007,6.7835,0
RA-276,7.1,5.7,5.6,4.3,5.125,5.0,0.0,2022,4.795,-1.4000000000000004,5.4125,0
RA-277,7.1,8.8,7.5,7.4,7.208,5.0,0.0,2022,6.6416,-1.4000000000000004,8.004000000000001,0
RA-278,8.8,9.2,5.6,6.0,7.417,10.0,0.0,2022,6.9634,-3.1999999999999993,8.308499999999999,0
RA-279,9.2,9.9,6.3,9.1,8.208,10.0,0.0,2022,7.991600000000001,-0.8000000000000007,9.054,0
RA-280,7.5,9.2,7.5,7.1,7.333,10.0,0.0,2022,7.2265999999999995,-2.0999999999999996,8.2665,0
RA-281,6.7,6.9,7.5,5.9,5.625,10.0,0.0,2022,6.105,-1.0,6.2625,0
RA-282,8.8,6.8,7.5,4.0,5.625,10.0,0.0,2022,5.915,-2.8,6.2125,0
RA-283,9.6,8.8,7.5,5.6,6.625,5.0,0.0,2022,6.415,-3.200000000000001,7.7125,0
RA-284,6.7,5.1,5.6,3.8,5.958,10.0,0.0,2022,5.2016,-1.2999999999999998,5.529,0
RA-285,9.2,4.1,7.5,2.8,5.75,2.5,0.0,2022,4.45,-1.2999999999999998,4.925,0
RA-286,7.1,5.8,6.3,3.0,5.625,5.0,0.0,2022,4.725,-2.8,5.7125,0
RA-287,7.9,3.4,5.0,1.1,4.292,2.5,0.0,2022,3.2984000000000004,-2.3,3.846,0
RA-288,0.0,5.6,6.3,0.0,6.833,2.5,0.0,2022,3.3666,-5.6,6.2165,0
RA-289,0.0,7.8,6.3,6.8,7.25,5.0,0.0,2022,5.5,-1.0,7.525,0
RA-290,10.0,3.9,6.3,1.7,6.042,2.5,0.0,2022,4.2084,-2.2,4.971,0
RA-291,8.3,8.2,6.9,8.0,7.792,10.0,0.0,2022,7.3184000000000005,-0.1999999999999993,7.9959999999999996,0
RA-292,7.9,3.7,7.5,1.8,6.292,2.5,0.0,2022,4.1484000000000005,-1.9000000000000001,4.996,0
RA-293,8.8,2.9,7.5,2.3,3.333,10.0,0.0,2022,4.3366,-0.6000000000000001,3.1165000000000003,0
RA-294,9.6,5.8,7.5,0.0,5.917,2.5,0.0,2022,4.3034,-5.8,5.858499999999999,0
RA-295,7.9,8.0,7.5,6.9,7.375,5.0,0.0,2022,6.495000000000001,-1.0999999999999996,7.6875,0
RA-296,8.8,3.6,7.5,2.8,3.833,5.0,0.0,2022,4.1766000000000005,-0.8000000000000003,3.7165,0
RA-297,7.1,7.9,6.3,6.6,7.417,10.0,0.0,2022,6.7234,-1.3000000000000007,7.6585,0
RA-298,9.2,6.3,5.6,5.2,5.417,10.0,0.0,2022,5.8633999999999995,-1.0999999999999996,5.858499999999999,0
RA-299,7.1,8.2,5.0,6.8,6.708,10.0,0.0,2022,6.5516000000000005,-1.3999999999999995,7.454,0
RA-300,5.4,6.9,6.3,3.1,5.875,5.0,0.0,2022,4.845,-3.8000000000000003,6.3875,0
RA-301,8.8,5.8,5.6,6.3,6.042,10.0,0.0,2022,6.0684,0.5,5.920999999999999,0
RA-302,9.2,7.7,6.9,4.8,6.208,2.5,0.0,2022,5.6016,-2.9000000000000004,6.954000000000001,0
RA-303,7.5,7.2,7.5,3.9,5.375,5.0,0.0,2022,5.295000000000001,-3.3000000000000003,6.2875,0
RA-304,8.8,7.7,7.5,4.3,5.542,5.0,0.0,2022,5.638400000000001,-3.4000000000000004,6.621,0
RA-305,7.9,6.6,7.5,4.8,5.208,5.0,0.0,2022,5.3616,-1.7999999999999998,5.904,0
RA-306,8.3,6.8,7.5,5.2,5.958,5.0,0.0,2022,5.671600000000001,-1.5999999999999996,6.379,0
RA-307,5.4,4.5,7.5,2.5,4.708,5.0,0.0,2022,4.1316,-2.0,4.604,0
RA-308,7.9,7.4,6.9,5.0,6.167,10.0,0.0,2022,6.1934000000000005,-2.4000000000000004,6.7835,0
RA-309,9.2,5.2,7.5,6.5,5.083,5.0,0.0,2022,5.5266,1.2999999999999998,5.141500000000001,0
RA-310,7.9,7.5,7.5,4.5,6.0,5.0,0.0,2022,5.64,-3.0,6.75,0
RA-311,7.9,5.6,5.0,5.2,6.222,2.5,0.0,2022,4.9444,-0.39999999999999947,5.911,0
RA-312,9.6,8.1,7.5,5.2,6.167,10.0,0.0,2022,6.603400000000001,-2.8999999999999995,7.1335,0
RA-313,7.5,7.0,5.0,4.1,5.889,5.0,0.0,2022,5.1478,-2.9000000000000004,6.4445,0
RA-314,5.4,5.4,5.0,5.3,6.0,10.0,0.0,2022,5.38,-0.10000000000000053,5.7,0
RA-315,6.7,5.1,7.5,3.0,5.056,10.0,0.0,2022,5.0512,-2.0999999999999996,5.077999999999999,0
RA-316,10.0,10.0,6.9,6.1,8.389,5.0,1.0,2022,7.0878,-3.9000000000000004,9.1945,0
RA-317,8.8,5.6,7.5,6.8,5.944,10.0,0.0,2022,6.2988,1.2000000000000002,5.772,0
RA-318,8.3,6.9,6.9,5.8,6.111,5.0,0.0,2022,5.7822000000000005,-1.1000000000000005,6.5055,0
RA-319,9.2,7.7,7.5,5.2,7.5,10.0,0.0,2022,6.75,-2.5,7.6,0
RA-320,8.8,10.0,6.9,6.4,8.667,5.0,1.0,2022,7.083400000000001,-3.5999999999999996,9.3335,0
RA-321,9.2,9.1,5.6,5.2,8.278,10.0,0.0,2022,6.9956,-3.8999999999999995,8.689,0
RA-322,7.1,8.1,5.0,4.7,6.778,10.0,0.0,2022,6.1255999999999995,-3.3999999999999995,7.439,0
RA-323,9.2,7.3,7.5,3.4,6.611,10.0,0.0,2022,6.132200000000001,-3.9,6.9555,0
RA-324,10.0,9.3,6.9,6.8,8.611,10.0,1.0,2022,7.632200000000001,-2.500000000000001,8.9555,0
RA-325,9.5,6.8,7.5,6.0,8.444,10.0,1.0,2022,6.948800000000001,-0.7999999999999998,7.622,0
RA-326,10.0,9.7,5.0,9.0,8.944,5.0,1.0,2022,7.5288,-0.6999999999999993,9.322,0
RA-327,8.5,8.8,7.5,2.8,7.333,10.0,0.0,2022,6.3866,-6.000000000000001,8.066500000000001,0
RA-328,10.0,7.0,7.5,5.3,7.5,5.0,0.0,2022,6.21,-1.7000000000000002,7.25,0
RA-329,7.4,6.9,4.4,5.0,5.778,10.0,0.0,2022,5.7156,-1.9000000000000004,6.339,1
RA-330,9.5,8.8,7.5,2.5,7.056,5.0,0.0,2022,5.871200000000001,-6.300000000000001,7.928000000000001,0
RA-331,9.0,8.7,7.5,3.7,6.944,5.0,0.0,2022,6.018800000000001,-4.999999999999999,7.821999999999999,0
RA-332,9.5,9.0,8.1,7.5,8.5,5.0,1.0,2022,7.260000000000001,-1.5,8.75,0
RA-333,8.0,5.8,3.8,2.9,6.722,5.0,0.0,2022,4.7644,-2.9,6.261,1
RA-334,6.9,9.2,4.4,8.0,8.722,10.0,1.0,2022,7.3144,-1.1999999999999993,8.960999999999999,1
RA-335,9.5,9.4,7.5,7.4,6.833,10.0,0.0,2022,7.4266000000000005,-2.0,8.1165,0
RA-336,9.5,8.5,4.4,5.1,7.889,5.0,0.0,2022,6.1878,-3.4000000000000004,8.1945,1
RA-337,10.0,9.3,7.5,5.8,7.611,10.0,0.0,2022,7.2922,-3.500000000000001,8.4555,0
RA-338,8.5,7.3,7.5,5.8,7.611,5.0,0.0,2022,6.2422,-1.5,7.4555,0
RA-339,6.9,9.9,7.5,8.1,8.889,10.0,1.0,2022,7.817800000000001,-1.8000000000000007,9.3945,0
RA-340,9.0,8.2,7.5,6.5,7.667,10.0,0.0,2022,7.1234,-1.6999999999999993,7.9334999999999996,0
RA-341,8.0,7.7,7.5,5.8,7.5,5.0,0.0,2022,6.25,-1.9000000000000004,7.6,0
RA-342,9.0,6.7,7.5,6.6,7.5,5.0,0.0,2022,6.3100000000000005,-0.10000000000000053,7.1,0
RA-343,9.5,7.4,7.5,5.9,7.167,5.0,0.0,2022,6.2934,-1.5,7.2835,0
RA-344,8.5,8.3,7.5,4.5,7.5,10.0,0.0,2022,6.66,-3.8000000000000007,7.9,0
RA-345,9.5,5.4,5.6,3.6,6.667,5.0,0.0,2022,5.143400000000001,-1.8000000000000003,6.0335,0
RA-346,10.0,9.1,7.5,7.0,7.889,10.0,0.0,2022,7.5478000000000005,-2.0999999999999996,8.4945,0
RA-347,9.0,10.0,5.6,8.5,8.0,5.0,0.0,2022,7.26,-1.5,9.0,0
RA-348,9.0,8.7,7.5,1.8,5.833,5.0,0.0,2022,5.4166,-6.8999999999999995,7.2665,0
RA-349,9.5,7.7,7.5,3.7,3.944,5.0,0.0,2022,5.268800000000001,-4.0,5.822,0
RA-350,10.0,8.8,7.5,6.5,8.611,10.0,1.0,2022,7.5322000000000005,-2.3000000000000007,8.7055,0
RA-351,9.0,7.2,7.5,4.0,8.111,5.0,0.0,2022,6.012200000000001,-3.2,7.6555,0
RA-352,9.0,8.1,5.6,7.0,8.389,10.0,1.0,2022,7.1578,-1.0999999999999996,8.244499999999999,0
RA-353,7.0,10.0,7.5,7.5,8.444,10.0,1.0,2022,7.638800000000001,-2.5,9.222000000000001,0
RA-354,8.5,4.3,7.5,4.5,7.333,5.0,0.0,2022,5.3266,0.20000000000000018,5.8165,0
RA-355,5.8,5.0,7.5,4.5,6.056,5.0,0.0,2022,4.9412,-0.5,5.5280000000000005,0
RA-356,10.0,8.4,5.0,4.6,8.278,5.0,0.0,2022,6.255599999999999,-3.8000000000000007,8.339,0
RA-357,8.0,9.6,7.5,8.5,7.778,5.0,0.0,2022,7.2256,-1.0999999999999996,8.689,0
RA-358,7.5,6.5,7.5,0.0,7.556,5.0,0.0,2022,4.8111999999999995,-6.5,7.0280000000000005,0
RA-359,9.0,7.0,7.5,4.6,7.5,5.0,0.0,2022,5.970000000000001,-2.4000000000000004,7.25,0
RA-360,9.5,8.5,7.5,5.2,7.5,5.0,0.0,2022,6.44,-3.3,8.0,0
RA-361,7.9,9.2,6.3,5.0,6.778,5.0,0.0,2022,6.1156,-4.199999999999999,7.988999999999999,0
RA-362,8.5,7.9,7.5,7.9,7.5,5.0,0.0,2022,6.76,0.0,7.7,0
RA-363,10.0,10.0,6.9,2.0,7.056,5.0,0.0,2022,6.0012,-8.0,8.528,0
RA-364,9.5,10.0,7.5,8.8,8.167,10.0,0.0,2022,8.093399999999999,-1.1999999999999993,9.0835,0
RA-365,8.0,10.0,5.0,7.8,7.833,10.0,0.0,2022,7.4266000000000005,-2.2,8.9165,0
RA-366,9.5,9.4,7.5,5.5,6.833,5.0,0.0,2022,6.546600000000001,-3.9000000000000004,8.1165,0
RA-367,8.5,7.4,6.3,6.7,7.5,5.0,0.0,2022,6.3,-0.7000000000000002,7.45,0
RA-368,8.0,7.9,5.0,7.3,7.5,5.0,0.0,2022,6.34,-0.6000000000000005,7.7,0
RA-369,9.0,6.9,7.5,4.8,6.889,10.0,0.0,2022,6.367800000000001,-2.1000000000000005,6.894500000000001,0
RA-370,8.5,8.2,5.0,7.2,7.611,5.0,0.0,2022,6.4521999999999995,-0.9999999999999991,7.9055,0
RA-371,9.5,8.0,6.9,8.4,7.667,10.0,0.0,2022,7.453400000000001,0.40000000000000036,7.8335,0
RA-372,8.5,5.5,6.9,7.8,7.389,10.0,0.0,2022,6.6778,2.3,6.4445,0
RA-373,6.4,9.5,5.0,7.3,6.944,10.0,0.0,2022,6.8888,-2.2,8.222,0
RA-374,9.0,9.8,7.5,6.9,7.944,5.0,0.0,2022,7.0788,-2.9000000000000004,8.872,0
RA-375,9.0,9.5,7.5,5.4,7.667,10.0,0.0,2022,7.163400000000001,-4.1,8.5835,0
RA-376,9.0,9.0,7.5,4.3,7.5,5.0,0.0,2022,6.3100000000000005,-4.7,8.25,0
RA-377,9.0,7.7,5.6,6.2,6.833,5.0,0.0,2022,6.1066,-1.5,7.266500000000001,0
RA-378,9.0,6.8,5.6,8.1,7.889,5.0,0.0,2022,6.5178,1.2999999999999998,7.3445,0
RA-379,8.5,8.1,7.5,5.0,6.778,5.0,0.0,2022,6.0756000000000006,-3.0999999999999996,7.439,0
RA-380,7.9,4.4,5.0,2.5,4.833,5.0,0.0,2022,4.1366,-1.9000000000000004,4.6165,0
RA-381,9.0,8.3,6.9,3.3,6.944,5.0,0.0,2022,5.7988,-5.000000000000001,7.622,0
RA-382,9.0,7.7,6.3,5.4,7.333,5.0,0.0,2022,6.1166,-2.3,7.516500000000001,0
RA-383,9.0,9.6,7.5,8.1,7.778,10.0,0.0,2022,7.7456000000000005,-1.5,8.689,0
RA-384,9.0,8.4,6.3,8.1,8.0,5.0,0.0,2022,6.93,-0.3000000000000007,8.2,0
RA-385,7.4,7.5,5.0,4.9,6.5,5.0,0.0,2022,5.5200000000000005,-2.5999999999999996,7.0,0
RA-386,10.0,5.9,5.6,4.0,7.222,5.0,0.0,2022,5.4844,-1.9000000000000004,6.561,0
RA-387,7.0,8.2,7.5,3.7,6.833,5.0,0.0,2022,5.6966,-4.499999999999999,7.5165,0
RA-388,7.9,8.5,5.6,4.5,7.722,5.0,0.0,2022,5.994400000000001,-4.0,8.111,0
RA-389,8.0,8.9,7.5,3.5,7.556,10.0,0.0,2022,6.5412,-5.4,8.228,0
RA-390,7.4,8.8,6.3,4.7,7.722,5.0,0.0,2022,6.114400000000001,-4.1000000000000005,8.261000000000001,0
RA-391,10.0,8.1,7.5,5.1,8.056,5.0,0.0,2022,6.501200000000001,-3.0,8.078,0
RA-392,9.5,8.8,5.6,4.8,6.778,5.0,0.0,2022,6.0855999999999995,-4.000000000000001,7.789,0
RA-393,10.0,5.4,5.0,4.6,6.778,2.5,0.0,2022,5.1056,-0.8000000000000007,6.089,0
RA-394,9.5,8.6,7.5,5.9,8.444,10.0,1.0,2022,7.288800000000001,-2.6999999999999993,8.522,0
RA-395,9.0,8.9,7.5,4.9,8.333,10.0,0.0,2022,7.0766,-4.0,8.6165,0
RA-396,9.0,8.0,6.3,5.6,6.556,5.0,0.0,2022,6.0612,-2.4000000000000004,7.2780000000000005,0
RA-397,9.0,5.7,6.9,2.8,7.167,5.0,0.0,2022,5.2234,-2.9000000000000004,6.4335,0
RA-398,9.0,9.3,7.5,5.5,7.5,10.0,0.0,2022,7.11,-3.8000000000000007,8.4,0
RA-399,6.8,9.3,5.6,4.3,7.5,5.0,0.0,2022,5.96,-5.000000000000001,8.4,0
RA-400,9.0,8.5,5.0,1.7,7.444,5.0,0.0,2022,5.4288,-6.8,7.9719999999999995,0
RA-401,6.9,9.6,7.5,4.3,6.722,5.0,0.0,2022,6.0644,-5.3,8.161,0
RA-402,9.0,3.7,5.0,3.0,7.222,5.0,0.0,2022,4.6844,-0.7000000000000002,5.461,0
RA-403,9.5,9.3,7.5,6.3,7.5,5.0,0.0,2022,6.82,-3.000000000000001,8.4,0
RA-404,9.0,7.3,7.5,5.3,6.944,5.0,0.0,2022,6.0588,-2.0,7.122,0
RA-405,9.5,6.2,5.0,3.3,6.0,5.0,0.0,2022,5.050000000000001,-2.9000000000000004,6.1,0
RA-406,9.5,9.5,7.5,6.6,7.333,5.0,0.0,2022,6.8866,-2.9000000000000004,8.4165,0
RA-407,8.5,9.3,7.5,6.0,7.056,5.0,0.0,2022,6.5712,-3.3000000000000007,8.178,0
RA-408,8.0,9.7,7.5,3.3,7.333,5.0,0.0,2022,6.1166,-6.3999999999999995,8.5165,0
RA-409,7.9,9.7,7.5,7.8,7.5,10.0,0.0,2022,7.54,-1.8999999999999995,8.6,0
RA-410,7.4,6.5,6.3,2.0,7.444,5.0,0.0,2022,5.058800000000001,-4.5,6.9719999999999995,0
RA-411,6.4,8.6,7.5,7.1,7.833,5.0,0.0,2022,6.5966,-1.5,8.2165,0
RA-412,8.5,9.0,7.5,7.3,7.778,5.0,0.0,2022,6.9155999999999995,-1.7000000000000002,8.389,0
RA-413,6.4,8.7,5.6,4.7,7.056,5.0,0.0,2022,5.7912,-3.999999999999999,7.878,0
RA-414,8.0,9.3,7.5,5.9,7.667,5.0,0.0,2022,6.623400000000001,-3.4000000000000004,8.4835,0
RA-415,8.0,8.3,7.5,6.2,8.056,10.0,0.0,2022,7.0612,-2.1000000000000005,8.178,0
RA-416,9.5,9.3,8.8,7.2,8.222,5.0,0.0,2022,7.274400000000001,-2.1000000000000005,8.761,0
RA-417,10.0,10.0,7.5,8.0,9.556,5.0,1.0,2022,7.7612,-2.0,9.777999999999999,0
RA-418,8.0,9.4,7.5,7.5,8.222,10.0,0.0,2022,7.5744,-1.9000000000000004,8.811,0
RA-419,7.5,9.2,5.6,6.9,8.389,5.0,1.0,2022,6.707799999999999,-2.299999999999999,8.7945,0
RA-420,9.5,9.0,5.6,4.5,8.0,10.0,0.0,2022,6.8100000000000005,-4.5,8.5,0
RA-421,8.5,9.3,7.5,8.8,9.111,10.0,1.0,2022,8.042200000000001,-0.5,9.2055,0
RA-422,8.5,10.0,7.5,2.5,7.5,5.0,0.0,2022,6.1,-7.5,8.75,0
RA-423,8.4,9.6,7.5,2.3,7.667,5.0,0.0,2022,6.0034,-7.3,8.6335,0
RA-424,9.0,10.0,7.5,7.5,8.222,5.0,0.0,2022,7.2944,-2.5,9.111,0
RA-425,9.0,10.0,7.5,9.0,7.5,5.0,0.0,2022,7.45,-1.0,8.75,0
RA-426,9.0,6.5,7.5,4.6,7.111,5.0,0.0,2022,5.792199999999999,-1.9000000000000004,6.8055,0
RA-427,8.0,8.5,7.5,2.5,6.778,5.0,0.0,2022,5.6056,-6.0,7.638999999999999,0
RA-428,6.8,8.7,7.5,9.5,7.111,5.0,0.0,2022,6.9922,0.8000000000000007,7.9055,0
RA-429,10.0,5.3,7.5,2.7,6.611,5.0,0.0,2022,5.1722,-2.5999999999999996,5.9555,0
RA-430,9.5,8.6,7.5,8.5,6.611,5.0,0.0,2022,6.9422,-0.09999999999999964,7.605499999999999,0
RA-431,9.0,8.1,7.5,4.5,6.778,10.0,0.0,2022,6.5256,-3.5999999999999996,7.439,0
RA-432,10.0,6.8,5.0,5.1,6.611,5.0,0.0,2022,5.7021999999999995,-1.7000000000000002,6.7055,0
RA-433,8.5,7.3,5.0,2.6,5.778,5.0,0.0,2022,4.9856,-4.699999999999999,6.539,0
RA-434,9.0,8.1,7.5,5.7,6.778,10.0,0.0,2022,6.7656,-2.3999999999999995,7.439,0
RA-435,7.9,6.2,7.5,4.7,6.444,10.0,0.0,2022,6.008800000000001,-1.5,6.322,0
RA-436,9.5,8.1,7.5,2.0,6.611,10.0,0.0,2022,6.042200000000001,-6.1,7.355499999999999,0
RA-437,8.5,8.3,7.5,5.8,6.611,5.0,0.0,2022,6.2422,-2.500000000000001,7.455500000000001,0
RA-438,8.0,8.7,7.5,7.3,6.889,10.0,0.0,2022,7.127800000000001,-1.3999999999999995,7.794499999999999,0
RA-439,9.0,4.9,7.5,2.3,6.5,5.0,0.0,2022,4.89,-2.6000000000000005,5.7,0
RA-440,9.5,9.0,6.9,5.5,5.833,10.0,0.0,2022,6.706600000000001,-3.5,7.4165,0
RA-441,9.0,7.9,7.5,8.0,8.333,10.0,0.0,2022,7.4966,0.09999999999999964,8.1165,0
RA-442,10.0,8.2,7.5,7.5,8.222,10.0,0.0,2022,7.5344,-0.6999999999999993,8.210999999999999,0
RA-443,9.0,9.1,7.5,5.6,8.5,5.0,1.0,2022,6.79,-3.5,8.8,0
RA-444,9.0,7.2,5.0,3.1,7.778,10.0,0.0,2022,6.015600000000001,-4.1,7.489,0
RA-445,9.0,9.4,7.5,3.8,7.5,5.0,0.0,2022,6.29,-5.6000000000000005,8.45,0
RA-446,9.5,8.9,5.0,6.9,7.889,5.0,0.0,2022,6.6878,-2.0,8.3945,0
RA-447,0.0,7.0,7.5,3.5,5.556,10.0,0.0,2022,4.961200000000001,-3.5,6.2780000000000005,0
RA-448,9.0,9.7,7.5,5.5,8.111,10.0,0.0,2022,7.312200000000001,-4.199999999999999,8.9055,0
RA-449,0.0,6.0,7.5,7.0,8.111,5.0,0.0,2022,5.472200000000001,1.0,7.0555,0
RA-450,10.0,9.1,7.5,7.5,8.111,5.0,0.0,2022,7.192200000000001,-1.5999999999999996,8.6055,0
RA-451,9.0,6.0,6.3,6.1,6.889,5.0,0.0,2022,5.8278,0.09999999999999964,6.4445,0
RA-452,9.0,5.6,7.5,4.8,7.167,5.0,0.0,2022,5.6634,-0.7999999999999998,6.3835,0
RA-453,9.0,8.7,7.5,8.8,7.778,5.0,0.0,2022,7.2056000000000004,0.10000000000000142,8.238999999999999,0
RA-454,9.5,8.6,5.0,2.3,5.444,5.0,0.0,2022,5.2188,-6.3,7.022,0
RA-455,7.0,7.9,7.5,6.3,7.278,5.0,0.0,2022,6.2456,-1.6000000000000005,7.589,0
RA-456,6.4,8.2,6.3,7.3,8.389,5.0,1.0,2022,6.5478000000000005,-0.8999999999999995,8.2945,0
RA-457,8.0,8.8,7.5,8.5,7.667,5.0,0.0,2022,7.043400000000001,-0.3000000000000007,8.2335,0
RA-458,8.0,7.7,7.5,5.6,5.833,5.0,0.0,2022,5.8766,-2.1000000000000005,6.766500000000001,0
RA-459,7.0,9.1,8.1,7.3,7.222,5.0,0.0,2022,6.734400000000001,-1.7999999999999998,8.161,0
RA-460,6.8,8.1,7.5,3.3,5.056,5.0,0.0,2022,5.221200000000001,-4.8,6.577999999999999,0
RA-461,0.0,6.7,7.5,3.8,7.222,5.0,0.0,2022,4.7944,-2.9000000000000004,6.961,0
RA-462,10.0,8.5,7.5,3.6,6.778,5.0,0.0,2022,6.0256,-4.9,7.638999999999999,0
RA-463,10.0,7.8,7.5,2.5,7.389,5.0,0.0,2022,5.787800000000001,-5.3,7.5945,0
RA-464,7.5,8.0,7.5,4.8,7.722,5.0,0.0,2022,6.104400000000001,-3.2,7.861000000000001,0
RA-465,8.0,7.9,7.5,7.8,8.444,10.0,1.0,2022,7.378800000000001,-0.10000000000000053,8.172,0
RA-466,8.5,9.7,7.5,3.3,7.556,5.0,0.0,2022,6.2112,-6.3999999999999995,8.628,0
RA-467,5.8,8.4,5.0,5.5,7.111,5.0,0.0,2022,5.7822000000000005,-2.9000000000000004,7.7555,0
RA-468,9.5,6.7,7.5,4.1,6.722,5.0,0.0,2022,5.704400000000001,-2.6000000000000005,6.711,0
RA-469,9.0,9.6,5.0,5.7,7.833,10.0,0.0,2022,7.026600000000001,-3.8999999999999995,8.7165,0
RA-470,8.0,9.7,7.5,6.3,7.5,5.0,0.0,2022,6.75,-3.3999999999999995,8.6,0
RA-471,3.5,8.5,5.0,6.3,8.056,5.0,0.0,2022,5.921200000000001,-2.2,8.277999999999999,0
RA-472,9.0,7.0,7.5,2.0,7.056,5.0,0.0,2022,5.3612,-5.0,7.0280000000000005,0
RA-473,8.0,6.1,7.5,4.3,5.889,5.0,0.0,2022,5.3078,-1.7999999999999998,5.9945,0
RA-474,9.5,9.1,7.5,3.0,6.0,5.0,0.0,2022,5.82,-6.1,7.55,0
RA-475,8.5,9.2,7.5,5.8,7.667,5.0,0.0,2022,6.6334,-3.3999999999999995,8.433499999999999,0
RA-476,9.0,9.3,4.4,5.5,7.556,5.0,0.0,2022,6.311200000000001,-3.8000000000000007,8.428,1
RA-477,0.0,5.0,5.6,0.7,4.5,5.0,0.0,2022,3.1,-4.3,4.75,0
RA-478,8.5,9.1,5.6,4.9,7.056,5.0,0.0,2022,6.1212,-4.199999999999999,8.078,0
RA-479,8.0,9.2,7.5,9.8,9.5,5.0,1.0,2022,7.75,0.6000000000000014,9.35,0
RA-480,9.0,8.8,7.5,6.3,8.444,5.0,1.0,2022,6.858800000000001,-2.500000000000001,8.622,0
RA-481,9.0,8.0,7.5,5.2,6.889,10.0,0.0,2022,6.6678,-2.8,7.4445,0
RA-482,10.0,7.9,7.5,5.5,6.833,5.0,0.0,2022,6.2966,-2.4000000000000004,7.3665,0
RA-483,9.0,4.8,5.0,2.4,6.833,5.0,0.0,2022,4.7066,-2.4,5.8165,0
RA-484,9.5,8.7,5.0,6.5,6.389,5.0,0.0,2022,6.2678,-2.1999999999999993,7.544499999999999,0
RA-485,9.5,4.0,7.5,1.2,5.444,5.0,0.0,2022,4.3288,-2.8,4.7219999999999995,0
RA-486,10.0,9.9,7.5,7.3,7.222,5.0,0.0,2022,7.1344,-2.6000000000000005,8.561,0
RA-487,7.5,9.7,7.5,9.6,9.333,5.0,1.0,2022,7.7265999999999995,-0.09999999999999964,9.5165,0
RA-488,8.5,8.8,7.5,7.3,7.722,5.0,0.0,2022,6.864400000000001,-1.5000000000000009,8.261000000000001,0
RA-489,9.0,7.2,7.5,0.0,6.5,10.0,0.0,2022,5.39,-7.2,6.85,0
RA-490,7.9,8.2,7.5,7.7,8.722,5.0,1.0,2022,6.9643999999999995,-0.4999999999999991,8.460999999999999,0
RA-491,7.5,9.7,7.5,7.0,7.722,5.0,0.0,2022,6.8844,-2.6999999999999993,8.711,0
RA-492,10.0,8.8,7.5,7.1,8.278,5.0,0.0,2022,7.0855999999999995,-1.700000000000001,8.539000000000001,0
RA-493,10.0,9.4,7.5,7.2,8.278,10.0,0.0,2022,7.7256,-2.2,8.839,0
RA-494,6.4,8.3,5.0,5.8,6.944,5.0,0.0,2022,5.848800000000001,-2.500000000000001,7.622,0
RA-495,9.0,8.9,7.5,8.4,8.056,5.0,0.0,2022,7.2212000000000005,-0.5,8.478,0
RA-496,8.5,6.8,7.5,5.7,7.556,5.0,0.0,2022,6.1112,-1.0999999999999996,7.178,0
RA-497,6.9,9.2,5.0,5.1,5.833,5.0,0.0,2022,5.7166,-4.1,7.5165,0
RA-498,8.5,8.8,7.5,8.8,7.556,5.0,0.0,2022,7.1312000000000015,0.0,8.178,0
RA-499,8.5,10.0,7.5,8.2,7.444,5.0,0.0,2022,7.228800000000001,-1.8000000000000007,8.722,0
RA-500,9.0,10.0,7.5,9.5,7.889,5.0,0.0,2022,7.627800000000001,-0.5,8.9445,0
RA-501,8.5,8.8,7.5,6.8,7.333,10.0,0.0,2022,7.1866,-2.000000000000001,8.066500000000001,0
RA-502,9.5,9.7,7.5,7.4,7.778,10.0,0.0,2022,7.6756,-2.299999999999999,8.738999999999999,0
RA-503,8.5,10.0,7.5,8.8,7.5,5.0,0.0,2022,7.359999999999999,-1.1999999999999993,8.75,0
RA-504,8.5,8.9,7.5,8.0,7.556,10.0,0.0,2022,7.491200000000001,-0.9000000000000004,8.228,0
RA-505,9.5,8.0,7.5,8.4,7.556,5.0,0.0,2022,6.991200000000001,0.40000000000000036,7.7780000000000005,0
RA-506,9.5,7.3,7.5,7.2,7.278,5.0,0.0,2022,6.5556,-0.09999999999999964,7.289,0
RA-507,8.5,10.0,7.5,7.4,7.222,5.0,0.0,2022,7.0244,-2.5999999999999996,8.611,0
RA-508,8.0,7.4,7.5,4.5,7.556,5.0,0.0,2022,5.9412,-2.9000000000000004,7.478,0
RA-509,9.0,8.2,7.5,9.2,7.833,5.0,0.0,2022,7.1966,1.0,8.0165,0
RA-510,8.0,9.3,7.5,7.1,7.056,5.0,0.0,2022,6.7412,-2.200000000000001,8.178,0
RA-511,8.0,10.0,7.5,5.3,7.056,5.0,0.0,2022,6.5212,-4.7,8.528,0
RA-512,9.0,9.3,7.5,6.2,7.722,5.0,0.0,2022,6.794400000000001,-3.1000000000000005,8.511000000000001,0
RA-513,9.0,9.6,5.6,8.3,7.778,10.0,0.0,2022,7.5956,-1.299999999999999,8.689,0
RA-514,8.0,9.7,7.5,4.8,5.889,10.0,0.0,2022,6.627800000000001,-4.8999999999999995,7.794499999999999,0
RA-515,8.0,6.3,7.5,5.8,7.556,5.0,0.0,2022,5.981199999999999,-0.5,6.928,0
RA-516,10.0,9.7,7.5,9.9,8.056,10.0,0.0,2022,8.2812,0.20000000000000107,8.878,0
RA-517,6.9,9.5,7.5,7.7,7.833,5.0,0.0,2022,6.946600000000001,-1.7999999999999998,8.6665,0
RA-518,9.0,9.4,7.5,7.5,7.5,5.0,0.0,2022,7.03,-1.9000000000000004,8.45,0
RA-519,7.4,9.6,7.5,7.5,7.333,10.0,0.0,2022,7.3766,-2.0999999999999996,8.4665,0
RA-520,10.0,6.8,7.5,6.8,7.278,5.0,0.0,2022,6.425600000000001,0.0,7.039,0
RA-521,9.0,10.0,5.0,6.0,7.5,10.0,0.0,2022,7.1000000000000005,-4.0,8.75,0
RA-522,9.5,9.1,7.5,7.5,8.167,10.0,0.0,2022,7.6534,-1.5999999999999996,8.6335,0
RA-523,10.0,9.5,7.5,6.5,7.556,5.0,0.0,2022,6.9612,-3.0,8.528,0
RA-524,0.0,9.4,5.0,9.1,8.056,5.0,0.0,2022,6.3112,-0.3000000000000007,8.728,0
RA-525,9.0,9.3,7.5,8.6,8.167,5.0,0.0,2022,7.3634,-0.7000000000000011,8.7335,0
RA-526,10.0,9.9,7.5,8.0,8.167,5.0,0.0,2022,7.4634,-1.9000000000000004,9.0335,0
RA-527,8.5,10.0,7.5,6.5,7.5,10.0,0.0,2022,7.4,-3.5,8.75,0
RA-528,0.0,6.2,7.5,4.0,6.944,5.0,0.0,2022,4.6788,-2.2,6.572,0
RA-529,8.5,8.9,5.0,5.2,6.556,5.0,0.0,2022,5.9812,-3.7,7.728,0
RA-530,10.0,9.0,7.5,8.9,9.056,5.0,1.0,2022,7.6411999999999995,-0.09999999999999964,9.027999999999999,0
RA-531,9.5,9.8,7.5,7.8,8.167,5.0,0.0,2022,7.353400000000001,-2.000000000000001,8.9835,0
RA-532,9.5,9.7,7.5,5.5,7.167,10.0,0.0,2022,7.1734,-4.199999999999999,8.433499999999999,0
RA-533,8.5,8.8,5.6,6.0,7.333,5.0,0.0,2022,6.336600000000001,-2.8000000000000007,8.066500000000001,0
RA-534,9.0,7.4,7.5,7.1,7.333,5.0,0.0,2022,6.5166,-0.3000000000000007,7.3665,0
RA-535,9.0,9.2,7.5,5.1,6.917,5.0,0.0,2022,6.3934,-4.1,8.058499999999999,0
RA-536,9.5,8.9,5.6,6.0,7.75,5.0,0.0,2022,6.54,-2.9000000000000004,8.325,0
RA-537,9.5,9.0,4.4,4.8,7.167,5.0,0.0,2022,6.0834,-4.2,8.0835,1
RA-538,8.5,7.5,5.6,6.8,5.583,5.0,0.0,2022,5.8866000000000005,-0.7000000000000002,6.5415,0
RA-539,8.5,9.3,6.9,7.5,8.417,5.0,1.0,2022,7.083400000000001,-1.8000000000000007,8.8585,0
RA-540,8.5,9.5,5.6,7.0,7.5,5.0,0.0,2022,6.71,-2.5,8.5,0
RA-541,10.0,7.8,6.9,2.5,5.0,2.5,0.0,2022,5.0,-5.3,6.4,0
RA-542,8.0,9.8,6.3,6.5,7.417,5.0,0.0,2022,6.673400000000001,-3.3000000000000007,8.6085,0
RA-543,8.5,9.8,4.4,6.5,7.167,5.0,0.0,2022,6.4834000000000005,-3.3000000000000007,8.4835,1
RA-544,9.5,9.7,5.6,3.3,6.0,5.0,0.0,2022,5.81,-6.3999999999999995,7.85,0
RA-545,9.5,6.6,7.5,5.5,7.5,5.0,0.0,2022,6.12,-1.0999999999999996,7.05,0
RA-546,9.0,7.9,5.0,5.6,7.917,5.0,0.0,2022,6.183400000000001,-2.3000000000000007,7.9085,0
RA-547,9.5,9.7,5.0,7.6,8.833,5.0,1.0,2022,7.1766000000000005,-2.0999999999999996,9.2665,0
RA-548,8.0,9.1,6.9,7.2,7.583,5.0,0.0,2022,6.766600000000001,-1.8999999999999995,8.3415,0
RA-549,10.0,7.9,6.9,4.2,6.167,5.0,0.0,2022,5.843400000000001,-3.7,7.0335,0
RA-550,9.0,9.0,6.9,1.9,6.25,5.0,0.0,2022,5.5200000000000005,-7.1,7.625,0
RA-551,8.5,7.3,6.9,6.6,7.333,5.0,0.0,2022,6.286600000000002,-0.7000000000000002,7.3165,0
RA-552,9.5,8.8,5.0,5.5,7.167,5.0,0.0,2022,6.2434,-3.3000000000000007,7.9835,0
RA-553,9.5,6.9,6.9,3.3,8.167,5.0,0.0,2022,5.813400000000001,-3.6000000000000005,7.5335,0
RA-554,7.9,6.0,6.9,4.0,5.75,5.0,0.0,2022,5.13,-2.0,5.875,0
RA-555,9.5,8.1,5.0,4.4,5.167,5.0,0.0,2022,5.4834000000000005,-3.6999999999999993,6.6335,0
RA-556,9.0,8.8,5.0,6.4,8.25,5.0,0.0,2022,6.590000000000001,-2.4000000000000004,8.525,0
RA-557,10.0,8.4,7.5,9.4,9.333,5.0,1.0,2022,7.6766000000000005,1.0,8.8665,0
RA-558,9.0,8.5,5.0,4.3,4.5,2.5,0.0,2022,5.11,-4.2,6.5,0
RA-559,9.5,9.2,7.5,7.1,8.083,5.0,0.0,2022,7.0766,-2.0999999999999996,8.6415,0
RA-560,6.9,7.2,5.0,3.8,3.75,5.0,0.0,2022,4.640000000000001,-3.4000000000000004,5.475,0
RA-561,9.0,9.0,7.5,7.4,8.833,5.0,1.0,2022,7.196600000000001,-1.5999999999999996,8.9165,0
RA-562,8.0,9.0,7.5,8.0,8.75,5.0,1.0,2022,7.2,-1.0,8.875,0
RA-563,10.0,9.2,7.5,8.5,8.833,5.0,1.0,2022,7.5566,-0.6999999999999993,9.0165,0
RA-564,9.5,3.8,5.0,2.3,6.833,5.0,0.0,2022,4.5366,-1.5,5.3165,0
RA-565,9.0,4.1,7.5,2.9,5.917,5.0,0.0,2022,4.7334,-1.1999999999999997,5.0085,0
RA-566,9.5,8.4,7.5,8.5,7.917,5.0,0.0,2022,7.1634,0.09999999999999964,8.1585,0
RA-567,9.5,6.0,7.5,4.8,6.833,5.0,0.0,2022,5.7266,-1.2000000000000002,6.4165,0
RA-568,8.0,8.6,6.9,8.3,7.944,2.5,0.0,2022,6.7088,-0.29999999999999893,8.272,0
RA-569,9.5,8.7,5.0,6.8,7.333,5.0,0.0,2022,6.5166,-1.8999999999999995,8.0165,0
RA-570,9.0,7.0,7.5,1.3,6.778,5.0,0.0,2022,5.1655999999999995,-5.7,6.888999999999999,0
RA-571,8.5,8.8,7.5,3.7,6.944,5.0,0.0,2022,5.9888,-5.1000000000000005,7.872,0
RA-572,8.5,8.0,7.5,6.8,6.833,10.0,0.0,2022,6.9266000000000005,-1.2000000000000002,7.4165,0
RA-573,9.5,9.9,7.5,8.2,8.944,5.0,1.0,2022,7.6088000000000005,-1.700000000000001,9.422,0
RA-574,9.5,7.2,5.0,7.5,6.944,5.0,0.0,2022,6.2788,0.2999999999999998,7.072,0
RA-575,8.0,6.1,7.5,2.8,7.0,5.0,0.0,2022,5.23,-3.3,6.55,0
RA-576,9.5,9.1,7.5,7.8,7.111,5.0,0.0,2022,7.0022,-1.2999999999999998,8.1055,0
RA-577,9.5,9.3,7.5,9.0,7.111,5.0,0.0,2022,7.2822000000000005,-0.3000000000000007,8.2055,0
RA-578,9.5,10.0,8.8,9.5,9.611,5.0,1.0,2022,8.1522,-0.5,9.8055,0
RA-579,8.5,5.8,7.5,3.8,7.222,5.0,0.0,2022,5.4643999999999995,-2.0,6.511,0
RA-580,8.0,9.6,7.5,7.6,7.167,5.0,0.0,2022,6.9234,-2.0,8.3835,0
RA-581,7.5,8.9,7.5,5.0,5.889,5.0,0.0,2022,5.957800000000001,-3.9000000000000004,7.394500000000001,0
RA-582,10.0,9.0,7.5,4.9,7.222,5.0,0.0,2022,6.4744,-4.1,8.111,0
RA-583,8.5,9.4,7.5,7.1,7.333,5.0,0.0,2022,6.8666,-2.3000000000000007,8.3665,0
RA-584,8.0,8.5,7.5,4.6,7.333,5.0,0.0,2022,6.1366,-3.9000000000000004,7.9165,0
RA-585,8.5,9.1,7.5,5.0,6.889,10.0,0.0,2022,6.7978000000000005,-4.1,7.9945,0
RA-586,10.0,9.6,5.6,8.2,8.778,5.0,1.0,2022,7.3755999999999995,-1.4000000000000004,9.189,0
RA-587,9.5,9.3,7.5,3.8,6.167,5.0,0.0,2022,6.0534,-5.500000000000001,7.7335,0
RA-588,9.5,10.0,5.6,9.3,8.278,10.0,0.0,2022,8.0256,-0.6999999999999993,9.139,0
RA-589,9.5,9.4,7.5,5.8,7.056,10.0,0.0,2022,7.1512,-3.6000000000000005,8.228,0
RA-590,8.5,8.6,7.5,7.4,7.611,5.0,0.0,2022,6.8222000000000005,-1.1999999999999993,8.1055,0
RA-591,9.5,9.3,7.5,7.1,7.389,5.0,0.0,2022,6.957800000000001,-2.200000000000001,8.3445,0
RA-592,8.0,8.5,5.6,8.4,7.778,5.0,0.0,2022,6.7956,-0.09999999999999964,8.139,0
RA-593,7.5,7.4,7.5,4.6,6.278,5.0,0.0,2022,5.655600000000001,-2.8000000000000007,6.839,0
RA-594,8.0,9.4,7.5,7.8,6.889,5.0,0.0,2022,6.867800000000001,-1.6000000000000005,8.1445,0
RA-595,8.5,5.5,7.5,1.0,6.0,5.0,0.0,2022,4.6000000000000005,-4.5,5.75,0
RA-596,9.5,10.0,7.5,9.3,9.0,10.0,1.0,2022,8.360000000000001,-0.6999999999999993,9.5,0
RA-597,9.0,10.0,7.5,8.0,7.056,10.0,0.0,2022,7.6612,-2.0,8.528,0
RA-598,9.5,7.2,7.5,3.7,6.944,5.0,0.0,2022,5.768800000000001,-3.5,7.072,0
RA-599,9.5,9.2,7.5,9.1,8.556,5.0,1.0,2022,7.5712,-0.09999999999999964,8.878,0
RA-600,8.5,8.4,7.5,3.9,6.833,10.0,0.0,2022,6.4266000000000005,-4.5,7.6165,0
RA-601,9.0,9.7,7.5,5.7,7.167,10.0,0.0,2022,7.1634,-3.999999999999999,8.433499999999999,0
RA-602,10.0,9.7,7.5,8.6,7.667,5.0,0.0,2022,7.4434000000000005,-1.0999999999999996,8.683499999999999,0
RA-603,9.0,9.5,7.5,7.5,8.0,5.0,0.0,2022,7.15,-2.0,8.75,0
RA-604,9.0,9.0,7.5,8.8,8.333,5.0,0.0,2022,7.376600000000001,-0.1999999999999993,8.6665,0
RA-605,6.9,9.3,6.9,7.1,7.556,5.0,0.0,2022,6.671200000000001,-2.200000000000001,8.428,0
RA-606,9.5,9.0,7.5,1.8,6.111,5.0,0.0,2022,5.5822,-7.2,7.5555,0
RA-607,6.8,8.1,7.5,4.0,7.444,5.0,0.0,2022,5.8388,-4.1,7.772,0
RA-608,7.8,9.6,7.5,6.3,7.222,5.0,0.0,2022,6.6544,-3.3,8.411,0
RA-609,8.5,7.6,7.5,6.0,7.056,5.0,0.0,2022,6.2312,-1.5999999999999996,7.327999999999999,0
RA-610,9.0,9.6,7.5,6.5,8.5,10.0,1.0,2022,7.57,-3.0999999999999996,9.05,0
RA-611,9.5,7.6,7.5,9.5,7.556,5.0,0.0,2022,7.1312,1.9000000000000004,7.577999999999999,0
RA-612,9.0,9.2,7.5,7.9,7.167,5.0,0.0,2022,7.0034,-1.299999999999999,8.183499999999999,0
RA-613,9.0,9.2,7.5,9.2,8.556,5.0,1.0,2022,7.5412,0.0,8.878,0
RA-614,9.5,9.7,7.5,9.6,8.278,5.0,0.0,2022,7.7156,-0.09999999999999964,8.989,0
RA-615,9.5,9.7,7.5,7.3,6.889,10.0,0.0,2022,7.4778,-2.3999999999999995,8.2945,0
RA-616,7.4,7.4,7.5,8.8,7.278,5.0,0.0,2022,6.685600000000001,1.4000000000000004,7.339,0
RA-617,8.5,8.9,7.5,6.3,6.778,5.0,0.0,2022,6.4956000000000005,-2.6000000000000005,7.839,0
RA-618,8.9,8.3,7.5,6.7,7.333,5.0,0.0,2022,6.6066,-1.6000000000000005,7.8165000000000004,0
RA-619,9.5,8.0,7.5,9.0,7.333,5.0,0.0,2022,7.066599999999999,1.0,7.6665,0
RA-620,0.0,7.5,7.5,6.8,6.833,5.0,0.0,2022,5.4766,-0.7000000000000002,7.1665,0
RA-621,9.5,7.7,7.5,7.5,8.222,5.0,0.0,2022,6.8844,-0.20000000000000018,7.961,0
RA-622,3.5,3.8,7.5,3.8,6.0,5.0,0.0,2022,4.32,0.0,4.9,0
RA-623,7.5,9.0,7.5,8.3,7.389,5.0,0.0,2022,6.9378,-0.6999999999999993,8.1945,0
RA-624,9.0,8.9,7.5,6.8,7.722,5.0,0.0,2022,6.834400000000001,-2.1000000000000005,8.311,0
RA-625,8.0,9.2,7.5,7.8,7.333,5.0,0.0,2022,6.916600000000001,-1.3999999999999995,8.2665,0
RA-626,7.4,7.6,7.5,1.3,7.278,5.0,0.0,2022,5.2256,-6.3,7.439,0
RA-627,7.0,6.7,7.5,6.5,7.0,5.0,0.0,2022,5.99,-0.20000000000000018,6.85,0
RA-628,9.5,7.6,7.5,9.2,7.333,5.0,0.0,2022,7.0266,1.5999999999999996,7.4665,0
RA-629,9.0,10.0,7.5,7.0,7.278,10.0,0.0,2022,7.505600000000001,-3.0,8.639,0
RA-630,9.5,9.2,7.5,7.3,7.278,10.0,0.0,2022,7.4556000000000004,-1.8999999999999995,8.238999999999999,0
RA-631,8.5,6.8,7.5,7.0,7.222,5.0,0.0,2022,6.3044,0.20000000000000018,7.011,0
RA-632,8.5,9.3,6.9,6.3,6.722,5.0,0.0,2022,6.504400000000001,-3.000000000000001,8.011000000000001,0
RA-633,7.3,8.9,7.5,7.7,7.833,5.0,0.0,2022,6.866600000000001,-1.2000000000000002,8.3665,0
RA-634,9.5,9.4,7.5,6.5,8.222,5.0,0.0,2022,7.0244,-2.9000000000000004,8.811,0
RA-635,10.0,4.9,6.9,1.5,6.444,5.0,0.0,2022,4.758800000000001,-3.4000000000000004,5.672000000000001,0
RA-636,8.5,8.0,6.9,7.3,7.389,5.0,0.0,2022,6.577800000000001,-0.7000000000000002,7.6945,0
RA-637,8.5,9.0,7.5,5.8,7.0,5.0,0.0,2022,6.460000000000001,-3.2,8.0,0
RA-638,8.5,9.3,7.5,3.9,6.278,10.0,0.0,2022,6.4956000000000005,-5.4,7.789,0
RA-639,8.5,7.4,7.5,5.5,6.611,5.0,0.0,2022,6.0022,-1.9000000000000004,7.0055,0
RA-640,9.0,8.4,7.5,4.8,6.778,5.0,0.0,2022,6.1456,-3.6000000000000005,7.589,0
RA-641,9.0,9.3,7.5,6.5,6.778,10.0,0.0,2022,7.1656,-2.8000000000000007,8.039,0
RA-642,10.0,9.7,6.9,7.3,7.778,5.0,0.0,2022,7.145600000000001,-2.3999999999999995,8.738999999999999,0
RA-643,9.0,8.0,7.5,6.2,6.722,5.0,0.0,2022,6.3344000000000005,-1.7999999999999998,7.361000000000001,0
RA-644,9.5,8.0,7.5,8.8,8.278,5.0,0.0,2022,7.2156,0.8000000000000007,8.139,0
RA-645,8.5,8.1,7.5,2.0,6.833,5.0,0.0,2022,5.4866,-6.1,7.4665,0
RA-646,8.5,9.8,8.1,8.4,8.389,5.0,1.0,2022,7.4778,-1.4000000000000004,9.0945,0
RA-647,9.5,8.6,7.5,3.3,7.278,5.0,0.0,2022,6.0356000000000005,-5.3,7.939,0
RA-648,9.0,7.5,6.9,5.3,7.5,5.0,0.0,2022,6.15,-2.2,7.5,0
RA-649,8.5,8.9,5.6,7.4,7.611,5.0,0.0,2022,6.692200000000001,-1.5,8.2555,0
RA-650,6.9,8.7,5.6,6.9,7.5,5.0,0.0,2022,6.37,-1.799999999999999,8.1,0
RA-651,8.5,9.3,7.5,7.8,8.333,5.0,0.0,2022,7.1866,-1.5000000000000009,8.816500000000001,0
RA-652,8.0,9.6,7.5,7.8,7.5,10.0,0.0,2022,7.53,-1.7999999999999998,8.55,0
RA-653,9.5,9.6,7.5,9.3,7.5,5.0,0.0,2022,7.48,-0.29999999999999893,8.55,0
RA-654,8.5,8.6,7.5,6.8,7.556,5.0,0.0,2022,6.6912,-1.7999999999999998,8.078,0
RA-655,7.5,9.2,7.5,8.3,8.389,5.0,1.0,2022,7.1777999999999995,-0.8999999999999986,8.7945,0
RA-656,7.4,7.5,5.6,6.3,7.5,5.0,0.0,2022,6.06,-1.2000000000000002,7.5,0
RA-657,9.5,9.8,7.5,9.0,7.5,5.0,0.0,2022,7.46,-0.8000000000000007,8.65,0
RA-658,10.0,9.3,7.5,5.6,7.917,5.0,0.0,2022,6.813400000000001,-3.700000000000001,8.6085,0
RA-659,8.0,7.8,7.5,9.3,8.333,5.0,0.0,2022,7.1366000000000005,1.5000000000000009,8.0665,0
RA-660,9.5,9.0,7.5,6.9,9.083,10.0,1.0,2022,7.6966,-2.0999999999999996,9.0415,0
RA-661,9.0,8.3,7.5,7.8,7.917,5.0,0.0,2022,6.9534,-0.5000000000000009,8.1085,0
RA-662,9.0,8.8,7.5,6.8,6.083,5.0,0.0,2022,6.486600000000001,-2.000000000000001,7.4415000000000004,0
RA-663,6.9,8.7,7.5,5.8,5.25,5.0,0.0,2022,5.89,-2.8999999999999995,6.975,0
RA-664,9.5,8.8,7.5,6.3,7.167,5.0,0.0,2022,6.6534,-2.500000000000001,7.9835,0
RA-665,9.0,7.4,7.5,6.8,7.25,5.0,0.0,2022,6.44,-0.6000000000000005,7.325,0
RA-666,9.5,9.1,7.5,7.8,8.833,5.0,1.0,2022,7.3466000000000005,-1.2999999999999998,8.9665,0
RA-667,8.5,5.6,7.5,4.5,5.833,5.0,0.0,2022,5.286599999999999,-1.0999999999999996,5.7165,0
RA-668,6.9,3.3,7.5,2.8,3.75,5.0,0.0,2022,3.91,-0.5,3.525,0
RA-669,9.0,9.7,7.5,6.0,7.833,5.0,0.0,2022,6.8566,-3.6999999999999993,8.7665,0
RA-670,8.0,8.8,7.5,6.9,8.167,5.0,0.0,2022,6.8234,-1.9000000000000004,8.4835,0
RA-671,8.5,8.2,8.1,8.8,7.417,5.0,0.0,2022,7.0434,0.6000000000000014,7.8084999999999996,0
RA-672,8.5,8.5,8.1,8.8,6.75,5.0,0.0,2022,6.970000000000001,0.3000000000000007,7.625,0
RA-673,8.5,9.2,8.1,9.2,8.583,10.0,1.0,2022,8.0566,0.0,8.8915,0
RA-674,9.5,8.7,8.1,8.0,6.333,10.0,0.0,2022,7.3666,-0.6999999999999993,7.5165,0
RA-675,10.0,6.6,8.1,7.4,7.083,10.0,0.0,2022,7.026600000000001,0.8000000000000007,6.8415,0
RA-676,8.5,8.6,8.1,9.3,8.167,5.0,0.0,2022,7.3734,0.7000000000000011,8.3835,0
RA-677,10.0,9.4,7.5,7.3,8.583,10.0,1.0,2022,7.8065999999999995,-2.1000000000000005,8.9915,0
RA-678,9.0,10.0,6.9,7.3,9.5,5.0,1.0,2022,7.450000000000001,-2.7,9.75,0
RA-679,9.0,8.2,7.5,6.3,7.833,5.0,0.0,2022,6.6166,-1.8999999999999995,8.0165,0
RA-680,9.5,8.8,7.5,7.4,7.75,5.0,0.0,2022,6.99,-1.4000000000000004,8.275,0
RA-681,8.5,8.5,6.9,6.5,8.0,5.0,0.0,2022,6.640000000000001,-2.0,8.25,0
RA-682,9.5,9.1,7.5,7.0,8.083,5.0,0.0,2022,7.0366,-2.0999999999999996,8.5915,0
RA-683,7.9,5.0,7.5,4.0,8.083,5.0,0.0,2022,5.4566,-1.0,6.5415,0
RA-684,9.5,7.5,8.1,9.3,7.917,10.0,0.0,2022,7.703400000000001,1.8000000000000007,7.7085,0
RA-685,9.0,6.2,5.0,8.0,7.833,5.0,0.0,2022,6.3066,1.7999999999999998,7.016500000000001,0
RA-686,7.5,8.6,8.1,8.8,8.083,5.0,0.0,2022,7.156600000000001,0.20000000000000107,8.3415,0
RA-687,8.5,9.0,8.1,8.3,8.0,5.0,0.0,2022,7.220000000000001,-0.6999999999999993,8.5,0
RA-688,8.5,9.7,7.5,7.9,7.917,5.0,0.0,2022,7.203399999999999,-1.799999999999999,8.808499999999999,0
RA-689,7.4,7.9,5.6,5.8,6.667,5.0,0.0,2022,5.8734,-2.1000000000000005,7.2835,0
RA-690,9.5,9.5,7.5,7.0,7.417,5.0,0.0,2022,6.9834,-2.5,8.4585,0
RA-691,10.0,9.2,8.1,9.4,7.917,10.0,0.0,2022,8.113399999999999,0.20000000000000107,8.558499999999999,0
RA-692,9.5,8.9,8.1,6.9,7.917,5.0,0.0,2022,7.0034,-2.0,8.4085,0
RA-693,9.5,9.8,8.1,5.7,7.667,10.0,0.0,2022,7.3934000000000015,-4.1000000000000005,8.7335,0
RA-694,10.0,9.0,8.1,8.1,7.917,10.0,0.0,2022,7.813400000000001,-0.9000000000000004,8.4585,0
RA-695,9.0,3.1,7.5,2.5,2.5,10.0,0.0,2022,4.27,-0.6000000000000001,2.8,0
RA-696,8.5,9.0,7.5,6.6,8.167,5.0,0.0,2022,6.853400000000001,-2.4000000000000004,8.5835,0
RA-697,7.0,9.3,7.5,8.4,8.083,5.0,0.0,2022,7.106600000000001,-0.9000000000000004,8.691500000000001,0
RA-698,9.0,9.8,2.5,8.1,8.083,5.0,0.0,2022,6.8466000000000005,-1.700000000000001,8.941500000000001,1
RA-699,5.2,9.2,7.5,7.1,6.0,5.0,0.0,2022,6.2299999999999995,-2.0999999999999996,7.6,0
RA-700,9.0,8.7,7.5,9.2,7.083,5.0,0.0,2022,7.1466,0.5,7.8915,0
RA-701,9.0,9.3,7.5,8.7,7.417,5.0,0.0,2022,7.233400000000001,-0.6000000000000014,8.3585,0
RA-702,10.0,8.6,5.0,6.8,7.0,10.0,0.0,2022,6.98,-1.7999999999999998,7.8,0
RA-703,7.5,7.4,5.0,5.1,6.833,5.0,0.0,2022,5.6166,-2.3000000000000007,7.1165,0
RA-704,9.0,8.6,5.0,7.2,6.583,5.0,0.0,2022,6.376600000000001,-1.3999999999999995,7.5915,0
RA-705,9.5,6.2,7.5,7.1,6.333,5.0,0.0,2022,6.126600000000001,0.8999999999999995,6.266500000000001,0
RA-706,9.5,6.7,7.5,9.1,8.417,5.0,1.0,2022,7.0434,2.3999999999999995,7.5585,0
RA-707,10.0,8.1,6.9,8.5,8.083,5.0,0.0,2022,7.126600000000001,0.40000000000000036,8.0915,0
RA-708,8.0,8.4,7.5,7.3,7.583,5.0,0.0,2022,6.706600000000001,-1.1000000000000005,7.9915,0
RA-709,9.5,3.5,7.5,2.3,7.083,5.0,0.0,2022,4.7766,-1.2000000000000002,5.2915,0
RA-710,9.5,8.9,5.0,6.9,8.0,5.0,0.0,2022,6.710000000000001,-2.0,8.45,0
RA-711,9.0,7.9,6.3,3.5,6.0,5.0,0.0,2022,5.510000000000001,-4.4,6.95,0
RA-712,8.0,5.1,5.0,8.0,5.833,5.0,0.0,2022,5.5866,2.9000000000000004,5.4665,0
RA-713,10.0,8.7,7.5,7.8,7.25,5.0,0.0,2022,7.0,-0.8999999999999995,7.975,0
RA-714,9.0,6.9,5.6,8.0,7.25,5.0,0.0,2022,6.390000000000001,1.0999999999999996,7.075,0
RA-715,8.5,8.7,4.4,4.9,7.917,5.0,0.0,2022,6.093400000000001,-3.799999999999999,8.308499999999999,1
RA-716,8.9,8.1,7.5,6.7,5.417,5.0,0.0,2022,6.1834,-1.3999999999999995,6.7585,0
RA-717,9.0,7.3,7.5,5.4,7.917,5.0,0.0,2022,6.2734,-1.8999999999999995,7.608499999999999,0
RA-718,8.0,8.9,6.3,9.2,7.417,10.0,0.0,2022,7.5334,0.29999999999999893,8.1585,0
RA-719,9.0,4.6,7.5,4.2,6.083,5.0,0.0,2022,5.1266,-0.39999999999999947,5.3415,0
RA-720,8.0,5.9,7.5,7.6,7.083,5.0,0.0,2022,6.1666,1.6999999999999993,6.4915,0
RA-721,9.5,8.1,7.5,7.6,7.917,10.0,0.0,2022,7.423400000000001,-0.5,8.0085,0
RA-722,10.0,8.1,4.4,8.1,8.333,5.0,0.0,2022,6.8466000000000005,0.0,8.2165,1
RA-723,10.0,6.6,8.1,5.5,8.167,10.0,0.0,2022,6.8634,-1.0999999999999996,7.3835,0
RA-724,9.5,5.9,5.6,5.6,8.0,10.0,0.0,2022,6.41,-0.3000000000000007,6.95,0
RA-725,8.0,5.9,8.1,5.0,5.5,10.0,0.0,2022,5.890000000000001,-0.9000000000000004,5.7,0
RA-726,10.0,7.5,7.5,4.4,6.583,10.0,0.0,2022,6.4466,-3.0999999999999996,7.0415,0
RA-727,9.0,7.7,8.1,8.4,6.75,10.0,0.0,2022,7.280000000000001,0.7000000000000002,7.225,0
RA-728,9.5,7.3,8.1,9.1,8.167,10.0,0.0,2022,7.673400000000001,1.7999999999999998,7.733499999999999,0
RA-729,10.0,8.7,8.1,8.1,7.25,10.0,0.0,2022,7.62,-0.5999999999999996,7.975,0
RA-730,10.0,8.2,8.8,8.3,8.25,5.0,0.0,2022,7.33,0.10000000000000142,8.225,0
RA-731,9.0,8.5,6.9,7.3,7.083,5.0,0.0,2022,6.666600000000001,-1.2000000000000002,7.7915,0
RA-732,9.0,7.9,8.8,7.2,7.5,5.0,0.0,2022,6.800000000000001,-0.7000000000000002,7.7,0
RA-733,9.5,8.5,5.6,5.1,6.917,5.0,0.0,2022,6.1133999999999995,-3.4000000000000004,7.7085,0
RA-734,9.5,7.2,5.6,7.3,7.417,5.0,0.0,2022,6.3934,0.09999999999999964,7.3085,0
RA-735,9.0,9.0,5.6,7.3,8.583,5.0,1.0,2022,6.9366,-1.7000000000000002,8.7915,0
RA-736,9.0,8.5,5.6,5.4,7.0,5.0,0.0,2022,6.140000000000001,-3.0999999999999996,7.75,0
RA-737,9.5,9.2,5.6,9.0,9.167,5.0,1.0,2022,7.4834,-0.1999999999999993,9.183499999999999,0
RA-738,8.5,8.1,5.6,5.7,7.5,10.0,0.0,2022,6.67,-2.3999999999999995,7.8,0
RA-739,6.4,7.3,5.6,5.9,7.083,10.0,0.0,2022,6.2566,-1.3999999999999995,7.1915,0
RA-740,8.5,9.0,5.6,7.2,7.5,5.0,0.0,2022,6.6499999999999995,-1.7999999999999998,8.25,0
RA-741,9.5,8.4,5.6,6.3,7.417,5.0,0.0,2022,6.433400000000001,-2.1000000000000005,7.9085,0
RA-742,8.5,8.7,5.0,7.3,7.5,5.0,0.0,2022,6.550000000000001,-1.3999999999999995,8.1,0
RA-743,10.0,7.9,5.6,4.8,7.5,5.0,0.0,2022,6.1,-3.1000000000000005,7.7,0
RA-744,9.5,9.7,5.6,6.2,7.5,10.0,0.0,2022,7.1899999999999995,-3.499999999999999,8.6,0
RA-745,9.0,8.5,5.6,8.1,7.75,5.0,0.0,2022,6.83,-0.40000000000000036,8.125,0
RA-746,8.0,9.1,5.6,7.2,7.417,10.0,0.0,2022,7.103400000000001,-1.8999999999999995,8.2585,0
RA-747,10.0,7.6,7.5,8.8,7.917,5.0,0.0,2022,7.1134,1.200000000000001,7.7585,0
RA-748,10.0,9.0,7.5,9.1,8.25,5.0,0.0,2022,7.5200000000000005,0.09999999999999964,8.625,0
RA-749,9.5,7.7,7.5,8.8,7.25,5.0,0.0,2022,6.95,1.1000000000000005,7.475,0
RA-750,9.5,8.9,4.4,6.8,5.167,5.0,0.0,2022,6.0634000000000015,-2.1000000000000005,7.0335,1
RA-751,8.5,5.8,7.5,3.8,6.167,5.0,0.0,2022,5.253399999999999,-2.0,5.983499999999999,0
RA-752,10.0,9.0,7.5,9.5,8.417,5.0,1.0,2022,7.6334,0.5,8.7085,0
RA-753,9.5,8.6,7.5,9.1,8.417,10.0,1.0,2022,7.9234,0.5,8.5085,0
RA-754,10.0,5.8,4.4,7.9,6.917,5.0,0.0,2022,6.063400000000001,2.1000000000000005,6.358499999999999,1
RA-755,9.5,9.2,6.9,9.5,8.083,10.0,0.0,2022,7.996600000000001,0.3000000000000007,8.6415,0
RA-756,10.0,7.9,7.5,5.7,7.25,5.0,0.0,2022,6.420000000000001,-2.2,7.575,0
RA-757,9.5,9.3,7.5,9.7,8.5,5.0,1.0,2022,7.700000000000001,0.3999999999999986,8.9,0
RA-758,9.0,9.1,7.5,8.1,8.333,5.0,0.0,2022,7.256600000000001,-1.0,8.7165,0
RA-759,9.0,8.6,7.5,7.5,7.833,5.0,0.0,2022,6.9366,-1.0999999999999996,8.2165,0
RA-760,9.0,9.2,7.5,8.8,8.917,5.0,1.0,2022,7.5334,-0.3999999999999986,9.058499999999999,0
RA-761,10.0,9.4,7.5,8.2,8.25,5.0,0.0,2022,7.42,-1.200000000000001,8.825,0
RA-762,10.0,9.7,7.5,6.7,7.083,2.5,0.0,2022,6.6966,-2.999999999999999,8.3915,0
RA-763,9.5,9.7,7.5,6.5,7.167,5.0,0.0,2022,6.8734,-3.1999999999999993,8.433499999999999,0
RA-764,9.0,8.8,7.5,7.5,7.667,10.0,0.0,2022,7.4434000000000005,-1.3000000000000007,8.2335,0
RA-765,8.5,9.3,7.5,4.3,7.417,5.0,0.0,2022,6.3034,-5.000000000000001,8.3585,0
RA-766,10.0,9.5,7.5,8.7,8.333,5.0,0.0,2022,7.5566,-0.8000000000000007,8.9165,0
RA-767,9.5,9.0,7.5,7.0,7.583,5.0,0.0,2022,6.916600000000001,-2.0,8.2915,0
RA-768,9.0,10.0,7.5,7.1,7.583,5.0,0.0,2022,7.086600000000001,-2.9000000000000004,8.7915,0
RA-769,10.0,7.5,7.5,7.9,8.5,5.0,1.0,2022,7.03,0.40000000000000036,8.0,0
RA-770,9.5,8.9,7.5,8.3,7.333,10.0,0.0,2022,7.6066,-0.5999999999999996,8.1165,0
RA-771,10.0,8.3,7.5,7.0,7.5,10.0,0.0,2022,7.3100000000000005,-1.3000000000000007,7.9,0
RA-772,9.0,5.4,7.5,9.2,7.25,5.0,0.0,2022,6.5200000000000005,3.799999999999999,6.325,0
RA-773,10.0,6.8,5.0,8.1,7.083,5.0,0.0,2022,6.3966,1.2999999999999998,6.9415,0
RA-774,10.0,7.8,7.5,6.1,7.417,10.0,0.0,2022,7.013399999999999,-1.7000000000000002,7.608499999999999,0
RA-775,7.9,5.7,4.4,5.7,6.417,5.0,0.0,2022,5.293400000000001,0.0,6.0585,1
RA-776,0.0,4.3,4.4,1.7,6.333,5.0,0.0,2022,3.4066,-2.5999999999999996,5.3165,1
RA-777,8.0,7.7,7.5,5.3,7.0,10.0,0.0,2022,6.550000000000001,-2.4000000000000004,7.35,0
RA-778,10.0,6.7,7.5,7.1,8.833,5.0,1.0,2022,6.7766,0.39999999999999947,7.766500000000001,0
RA-779,9.5,5.0,7.5,2.6,7.083,5.0,0.0,2022,5.1366000000000005,-2.4,6.0415,0
RA-780,8.0,7.6,7.5,6.9,7.167,5.0,0.0,2022,6.3834,-0.6999999999999993,7.3835,0
RA-781,10.0,8.9,7.5,8.3,7.75,5.0,0.0,2022,7.24,-0.5999999999999996,8.325,0
RA-782,9.5,8.4,7.5,6.0,7.0,10.0,0.0,2022,6.98,-2.4000000000000004,7.7,0
RA-783,9.5,5.8,7.5,6.0,6.917,10.0,0.0,2022,6.4434000000000005,0.20000000000000018,6.358499999999999,0
RA-784,9.5,10.0,7.5,8.2,9.25,5.0,1.0,2022,7.6899999999999995,-1.8000000000000007,9.625,0
RA-785,9.0,8.6,7.5,8.4,7.667,5.0,0.0,2022,7.083400000000001,-0.1999999999999993,8.1335,0
RA-786,9.0,9.5,5.6,6.1,7.167,5.0,0.0,2022,6.5134,-3.4000000000000004,8.3335,0
RA-787,8.5,9.5,7.5,3.4,7.25,10.0,0.0,2022,6.63,-6.1,8.375,0
RA-788,10.0,9.3,5.6,8.0,8.667,10.0,1.0,2022,7.753400000000001,-1.3000000000000007,8.9835,0
RA-789,9.0,9.4,7.5,4.2,7.417,10.0,0.0,2022,6.853400000000001,-5.2,8.4085,0
RA-790,9.0,8.9,7.5,7.8,7.417,5.0,0.0,2022,6.9734,-1.1000000000000005,8.1585,0
RA-791,9.5,8.7,7.5,6.5,8.5,5.0,1.0,2022,6.94,-2.1999999999999993,8.6,0
RA-792,9.5,8.0,7.5,6.2,7.167,5.0,0.0,2022,6.4734,-1.7999999999999998,7.5835,0
RA-793,9.5,7.6,7.5,6.0,7.333,5.0,0.0,2022,6.3866,-1.5999999999999996,7.4665,0
RA-794,9.5,8.9,7.5,4.1,7.333,10.0,0.0,2022,6.7666,-4.800000000000001,8.1165,0
RA-795,9.0,9.7,7.5,7.3,7.333,10.0,0.0,2022,7.5166,-2.3999999999999995,8.5165,0
RA-796,9.5,9.3,7.5,5.4,7.667,5.0,0.0,2022,6.673400000000001,-3.9000000000000004,8.4835,0
RA-797,9.0,8.5,7.5,7.3,7.5,5.0,0.0,2022,6.8100000000000005,-1.2000000000000002,8.0,0
RA-798,8.0,8.3,7.5,6.3,7.667,5.0,0.0,2022,6.5034,-2.000000000000001,7.9835,0
RA-799,8.0,9.6,7.5,7.8,7.917,5.0,0.0,2022,7.1134,-1.7999999999999998,8.7585,0
RA-800,8.0,5.4,7.5,6.1,7.5,10.0,0.0,2022,6.35,0.6999999999999993,6.45,0
RA-801,7.0,6.6,7.5,6.8,7.5,5.0,0.0,2022,6.130000000000001,0.20000000000000018,7.05,0
RA-802,9.0,9.0,7.5,8.3,8.333,5.0,0.0,2022,7.2766,-0.6999999999999993,8.6665,0
RA-803,10.0,7.2,7.5,6.3,7.417,5.0,0.0,2022,6.433400000000001,-0.9000000000000004,7.3085,0
RA-804,10.0,8.4,6.3,4.8,7.667,5.0,0.0,2022,6.303400000000001,-3.6000000000000005,8.0335,0
RA-805,9.5,9.0,7.5,8.8,7.333,10.0,0.0,2022,7.726600000000001,-0.1999999999999993,8.1665,0
RA-806,9.5,7.3,7.5,6.6,7.917,10.0,0.0,2022,7.063400000000001,-0.7000000000000002,7.608499999999999,0
RA-807,9.5,8.7,6.3,9.0,7.5,10.0,0.0,2022,7.62,0.3000000000000007,8.1,0
RA-808,10.0,9.1,6.3,9.3,8.0,10.0,0.0,2022,7.91,0.20000000000000107,8.55,0
RA-809,10.0,6.6,6.3,6.3,7.417,10.0,0.0,2022,6.6934000000000005,-0.2999999999999998,7.0085,0
RA-810,8.5,9.1,5.0,9.6,7.25,10.0,0.0,2022,7.54,0.5,8.175,0
RA-811,8.9,5.7,5.6,7.3,7.667,5.0,0.0,2022,6.0834,1.5999999999999996,6.6835,0
RA-812,9.0,8.1,5.6,7.4,7.333,10.0,0.0,2022,7.0266,-0.6999999999999993,7.7165,0
RA-813,9.5,6.5,6.9,6.0,7.417,10.0,0.0,2022,6.6234,-0.5,6.9585,0
RA-814,8.9,9.0,6.9,7.5,8.417,5.0,1.0,2022,7.0634,-1.5,8.7085,0
RA-815,10.0,7.9,5.6,6.5,7.0,5.0,0.0,2022,6.34,-1.4000000000000004,7.45,0
RA-816,10.0,9.3,7.5,9.6,9.417,5.0,1.0,2022,7.9134,0.29999999999999893,9.3585,0
RA-817,10.0,8.7,6.3,7.1,7.417,10.0,0.0,2022,7.2734000000000005,-1.5999999999999996,8.058499999999999,0
RA-818,9.5,7.3,7.5,6.2,7.5,10.0,0.0,2022,6.9,-1.0999999999999996,7.4,0
RA-819,10.0,7.9,7.5,7.3,7.333,10.0,0.0,2022,7.256600000000001,-0.6000000000000005,7.6165,0
RA-820,9.5,10.0,6.9,6.0,7.583,5.0,0.0,2022,6.856600000000001,-4.0,8.7915,0
RA-821,9.0,7.0,7.5,4.6,6.917,5.0,0.0,2022,5.853400000000001,-2.4000000000000004,6.9585,0
RA-822,8.0,8.4,7.5,6.1,7.083,5.0,0.0,2022,6.3666,-2.3000000000000007,7.7415,0
RA-823,10.0,6.0,7.5,2.8,7.167,5.0,0.0,2022,5.4434,-3.2,6.5835,0
RA-824,10.0,4.4,6.9,6.0,7.333,10.0,0.0,2022,6.236600000000001,1.5999999999999996,5.8665,0
RA-825,7.5,8.2,6.9,7.6,7.917,5.0,0.0,2022,6.683400000000001,-0.5999999999999996,8.058499999999999,0
RA-826,9.5,9.6,7.5,5.4,7.5,10.0,0.0,2022,7.2,-4.199999999999999,8.55,0
RA-827,9.5,7.0,7.5,7.6,8.667,5.0,1.0,2022,6.853400000000001,0.5999999999999996,7.8335,0
RA-828,9.5,7.1,7.5,6.9,7.833,5.0,0.0,2022,6.5666,-0.1999999999999993,7.4665,0
RA-829,9.0,8.6,7.5,7.8,7.5,10.0,0.0,2022,7.430000000000001,-0.7999999999999998,8.05,0
RA-830,10.0,8.6,7.5,6.0,7.5,5.0,0.0,2022,6.67,-2.5999999999999996,8.05,0
RA-831,9.5,9.2,7.5,7.2,7.167,5.0,0.0,2022,6.9134,-1.9999999999999991,8.183499999999999,0
RA-832,10.0,9.2,7.5,8.8,8.833,5.0,1.0,2022,7.6166,-0.3999999999999986,9.0165,0
RA-833,10.0,9.5,7.5,7.8,7.583,5.0,0.0,2022,7.2266,-1.7000000000000002,8.5415,0
RA-834,9.0,9.0,7.5,9.0,9.083,5.0,1.0,2022,7.5666,0.0,9.0415,0
RA-835,6.9,7.3,7.5,7.5,6.667,10.0,0.0,2022,6.7334000000000005,0.20000000000000018,6.983499999999999,0
RA-836,8.5,8.3,7.5,9.2,7.583,5.0,0.0,2022,7.1166,0.8999999999999986,7.9415000000000004,0
RA-837,8.5,9.0,7.5,8.8,7.5,10.0,0.0,2022,7.66,-0.1999999999999993,8.25,0
RA-838,10.0,7.4,7.5,6.3,9.417,5.0,1.0,2022,6.8734,-1.1000000000000005,8.4085,0
RA-839,0.0,5.1,7.5,5.4,6.583,5.0,0.0,2022,4.666600000000001,0.3000000000000007,5.8415,0
RA-840,9.0,8.2,7.5,7.8,7.5,10.0,0.0,2022,7.3500000000000005,-0.39999999999999947,7.85,0
RA-841,8.5,8.5,7.5,7.2,7.5,5.0,0.0,2022,6.74,-1.2999999999999998,8.0,0
RA-842,7.5,8.3,7.5,9.1,8.25,10.0,0.0,2022,7.630000000000001,0.7999999999999989,8.275,0
RA-843,8.5,9.0,7.5,9.2,8.417,10.0,1.0,2022,7.9234,0.1999999999999993,8.7085,0
RA-844,0.0,5.0,8.1,5.9,8.333,10.0,0.0,2022,5.6566,0.9000000000000004,6.6665,0
RA-845,10.0,8.8,7.5,8.7,8.417,10.0,1.0,2022,7.9334,-0.10000000000000142,8.6085,0
RA-846,9.0,7.2,7.5,5.9,7.917,10.0,0.0,2022,6.853400000000001,-1.2999999999999998,7.5585,0
RA-847,7.9,8.2,4.4,7.7,7.417,5.0,0.0,2022,6.3934,-0.4999999999999991,7.8084999999999996,1
RA-848,9.5,7.0,7.5,9.0,7.833,5.0,0.0,2022,6.966600000000001,2.0,7.4165,0
RA-849,8.5,8.3,7.5,9.1,7.417,5.0,0.0,2022,7.0634,0.7999999999999989,7.8585,0
RA-850,10.0,7.3,7.5,8.5,7.167,10.0,0.0,2022,7.3434,1.2000000000000002,7.233499999999999,0
RA-851,9.0,7.9,7.5,8.3,6.583,10.0,0.0,2022,7.206600000000001,0.40000000000000036,7.2415,0
RA-852,9.0,6.8,5.0,2.1,5.5,10.0,0.0,2022,5.279999999999999,-4.699999999999999,6.15,0
RA-853,10.0,9.6,7.5,8.5,8.5,10.0,1.0,2022,8.07,-1.0999999999999996,9.05,0
RA-854,8.0,9.0,7.5,9.3,7.167,10.0,0.0,2022,7.6434,0.3000000000000007,8.0835,0
RA-855,10.0,9.6,7.5,9.7,9.0,5.0,1.0,2022,7.909999999999999,0.09999999999999964,9.3,0
RA-856,10.0,9.1,7.5,8.4,8.0,10.0,0.0,2022,7.85,-0.6999999999999993,8.55,0
RA-857,8.5,8.9,7.5,9.5,9.083,5.0,1.0,2022,7.596600000000001,0.5999999999999996,8.9915,0
RA-858,10.0,7.1,5.6,7.7,7.333,10.0,0.0,2022,6.986599999999999,0.6000000000000005,7.2165,0
RA-859,8.5,8.7,7.5,8.9,8.25,10.0,0.0,2022,7.770000000000001,0.20000000000000107,8.475,0
RA-860,9.5,8.5,7.5,8.1,7.75,10.0,0.0,2022,7.57,-0.40000000000000036,8.125,0
